Source File	Size	loadResources	load	generateSnapshots	load-configure	scan	loadDepInfo	loadInfo	checkR4R4B	generateNarratives	validate	loadLists	checkConformanceResources	checkConformanceResources2	checkConformanceResources3	generateLogicalMaps	validateExpressions	scanForUsageStats	checkURLsUnique	processProvenanceDetails	generate1	generate2	responsesForQuestionnaire	generateLogicals	makeDependencies	generateExampleZip	generateValidationPack	scanProfilesForR5	scanExamplesForR5
/fsh-generated/resources/ImplementationGuide-kds-senologie.json	146218	-	0	0	0	0	0	0	24	76	0	0	0	0	0	0	0	3	0	0	346	1459	0	0	0	0	25	0	3
fsh-generated/resources/AdverseEvent-Fall2-Nebenwirkung-Fatigue.json	979	5	0	0	1	0	0	0	0	864	0	0	0	0	0	0	0	0	0	0	7	60	0	0	0	1	0	0	0
fsh-generated/resources/AdverseEvent-Fall5-Nebenwirkung-Nausea.json	976	3	0	0	0	0	0	0	0	3	0	0	0	0	0	0	0	0	0	0	5	60	0	0	0	0	0	0	0
fsh-generated/resources/CarePlan-Fall1-Tumorboard.json	2361	3	0	0	0	0	0	0	0	11	0	0	0	0	0	0	0	0	0	0	10	30	0	0	0	0	0	0	0
fsh-generated/resources/CarePlan-Fall12-Tumorboard.json	1575	2	0	0	0	0	0	0	0	5	0	0	0	0	0	0	0	0	0	0	7	20	0	0	0	0	0	0	0
fsh-generated/resources/CarePlan-Fall2-Tumorboard-Initial.json	2916	3	0	0	0	0	0	0	0	6	0	0	0	0	0	0	0	0	0	0	9	21	0	0	0	0	0	0	0
fsh-generated/resources/CarePlan-Fall2-Tumorboard-Progression.json	1656	2	0	0	0	0	0	0	0	5	0	0	0	0	0	0	0	0	0	0	9	15	0	0	0	0	0	0	0
fsh-generated/resources/CarePlan-Fall4-Tumorboard.json	2350	2	0	0	0	0	0	0	0	5	0	0	0	0	0	0	0	0	0	0	8	13	0	0	0	0	0	0	0
fsh-generated/resources/CarePlan-Fall5-Tumorboard-Neoadjuvant.json	2721	3	0	0	0	0	1	0	1	7	0	0	0	0	0	0	0	0	0	0	10	16	0	0	0	0	0	0	0
fsh-generated/resources/CarePlan-Fall5-Tumorboard-Postoperativ.json	1913	2	0	0	1	0	0	0	0	5	0	0	0	0	0	0	0	0	0	0	7	16	0	0	0	0	0	0	0
fsh-generated/resources/CarePlan-Fall7-Tumorboard.json	2437	2	0	0	0	0	0	0	0	5	0	0	0	0	0	0	0	0	0	0	8	17	0	0	0	0	0	0	0
fsh-generated/resources/CarePlan-Fall9-Tumorboard.json	2453	2	0	0	0	0	0	0	0	5	0	0	0	0	0	0	0	0	0	0	8	19	0	0	0	0	0	0	0
fsh-generated/resources/CodeSystem-cs-oncobox-primaerfallart.json	1491	2	0	0	0	0	0	0	0	7	0	0	0	0	0	0	0	0	0	0	11	48	0	0	0	0	1	0	0
fsh-generated/resources/CodeSystem-cs-senologie-diagnose-lokal.json	1043	3	0	0	0	0	0	0	0	3	0	0	0	0	0	0	0	0	0	0	6	31	0	0	0	0	0	0	0
fsh-generated/resources/CodeSystem-cs-senologie-diagnosesicherung.json	2358	2	0	0	0	0	0	0	0	3	0	0	0	0	0	0	0	0	0	0	10	37	0	0	0	0	1	0	0
fsh-generated/resources/CodeSystem-cs-senologie-follow-up.json	963	2	0	0	0	0	0	0	0	3	0	0	0	0	0	0	0	0	0	0	6	27	0	0	0	0	0	0	0
fsh-generated/resources/CodeSystem-cs-senologie-genexpressionstest.json	1083	2	0	0	0	0	0	0	1	3	0	0	0	0	0	0	0	0	0	0	7	30	0	0	0	0	0	0	0
fsh-generated/resources/CodeSystem-cs-senologie-metastasierung.json	881	2	0	0	0	0	0	0	0	2	0	0	0	0	0	0	0	0	0	0	6	28	0	0	0	0	0	0	0
fsh-generated/resources/CodeSystem-cs-senologie-studienname.json	1979	2	0	0	0	0	0	0	0	3	0	0	0	0	0	0	0	0	0	0	8	33	0	0	0	0	1	0	0
fsh-generated/resources/CodeSystem-cs-senologie-tumormanifestation.json	1020	2	0	0	0	0	0	0	0	2	0	0	0	0	0	0	0	0	0	0	7	28	0	0	0	0	0	0	0
fsh-generated/resources/ConceptMap-CM-Senologie-Medikation-SCT-ASK.json	5940	4	0	0	0	0	0	0	0	7	0	0	0	0	0	0	0	0	0	0	20	31	0	0	0	0	1	0	0
fsh-generated/resources/ConceptMap-CM-Senologie-Medikation-SCT-ATC.json	5973	3	0	0	0	0	0	0	1	5	0	0	0	0	0	0	0	1	0	0	18	27	0	0	0	0	0	0	0
fsh-generated/resources/ConceptMap-cm-oncobox-endokrine-substanz-atc.json	3359	4	0	0	0	0	0	0	0	1474	0	0	0	0	0	0	0	0	0	0	14	34	0	0	0	0	1	0	0
fsh-generated/resources/ConceptMap-cm-oncobox-verlauf-gesamtbeurteilung-ereignis.json	3511	3	0	0	0	0	0	0	0	1447	0	0	0	0	0	0	0	0	0	0	13	31	0	0	0	0	0	0	0
fsh-generated/resources/ConceptMap-cm-sct-to-icdo3-mamma-topographie.json	2952	2	0	0	0	0	0	0	0	3	0	0	0	0	0	0	0	0	0	0	12	21	0	0	0	0	1	0	0
fsh-generated/resources/ConceptMap-cm-sct-to-obds-fm-lokalisation.json	3893	3	0	0	0	0	0	0	1	3	0	0	0	0	0	0	0	0	0	0	15	23	0	0	0	0	0	0	0
fsh-generated/resources/ConceptMap-cm-sct-to-obds-grading.json	2190	2	0	0	1	0	0	0	0	2	0	0	0	0	0	0	0	0	0	0	11	22	0	0	0	0	1	0	0
fsh-generated/resources/ConceptMap-cm-sct-to-obds-intention.json	2265	2	0	0	0	0	0	0	0	2	0	0	0	0	0	0	0	0	0	0	11	20	0	0	0	0	0	0	1
fsh-generated/resources/ConceptMap-cm-sct-to-obds-residualstatus.json	1162	2	0	0	0	0	0	0	0	5	0	0	0	0	0	0	0	0	0	0	8	23	0	0	0	0	0	0	0
fsh-generated/resources/ConceptMap-cm-sct-to-obds-seitenlokalisation.json	2231	2	0	0	0	0	0	0	0	2	0	0	0	0	0	0	0	0	0	0	10	19	0	0	0	0	1	0	0
fsh-generated/resources/ConceptMap-cm-sct-to-obds-therapieart.json	2408	2	0	0	0	0	0	0	0	3	0	0	0	0	0	0	0	0	0	0	11	20	0	0	0	0	0	0	0
fsh-generated/resources/ConceptMap-cm-sct-to-obds-therapiestellung.json	1969	2	0	0	0	0	0	0	1	2	0	0	0	0	0	0	0	0	0	0	10	20	0	0	0	0	0	0	0
fsh-generated/resources/ConceptMap-cm-sct-to-obds-verlauf-gesamtbeurteilung.json	1887	2	0	0	0	0	0	0	0	2	0	0	0	0	0	0	0	0	0	0	9	22	0	0	0	0	1	0	0
fsh-generated/resources/Condition-Example-Diagnose-DCIS.json	2050	2	0	0	0	0	0	0	0	39	0	0	0	0	0	0	0	0	0	0	9	17	0	0	0	0	0	0	0
fsh-generated/resources/Condition-Example-Diagnose-Mammakarzinom.json	2644	2	0	0	0	0	0	0	0	2	0	0	0	0	0	0	0	0	0	0	10	14	0	0	0	0	0	0	0
fsh-generated/resources/Condition-Example-Diagnose-Rezidiv.json	2194	1	0	0	0	0	0	0	0	2	0	0	0	0	0	0	0	0	0	0	9	13	0	0	0	0	0	0	0
fsh-generated/resources/Condition-Fall1-Diagnose-Mammakarzinom.json	2330	2	0	0	0	0	0	0	0	2	0	0	0	0	0	0	0	0	0	0	9	8	0	0	0	0	0	0	0
fsh-generated/resources/Condition-Fall1-Komorbiditaet-Hypertonie.json	1153	2	0	0	0	0	0	0	0	2	0	0	0	0	0	0	0	0	0	0	5	8	0	0	0	0	0	0	0
fsh-generated/resources/Condition-Fall1-Komorbiditaet-Hypothyreose.json	1145	2	0	0	0	0	0	0	0	1	0	0	0	0	0	0	0	0	0	0	6	7	0	0	0	0	0	0	0
fsh-generated/resources/Condition-Fall10-Diagnose-Mammakarzinom.json	2342	1	0	0	0	0	0	0	1	2	0	0	0	0	0	0	0	0	0	0	9	8	0	0	0	0	0	0	0
fsh-generated/resources/Condition-Fall11-Diagnose-Fibroadenom.json	1304	2	0	0	0	0	0	0	0	1	0	0	0	0	0	0	0	0	0	0	6	7	0	0	0	0	0	0	0
fsh-generated/resources/Condition-Fall12-Diagnose-ADH.json	1747	2	0	0	0	0	0	0	0	1	0	0	0	0	0	0	0	0	0	0	8	7	0	0	0	0	0	0	0
fsh-generated/resources/Condition-Fall13-Diagnose-Links.json	2336	2	0	0	0	0	0	0	0	2	0	0	0	0	0	0	0	0	0	0	9	8	0	0	0	0	0	0	0
fsh-generated/resources/Condition-Fall13-Diagnose-Rechts.json	2332	2	0	0	0	0	0	0	0	2	0	0	0	0	0	0	0	0	0	0	10	8	0	0	0	0	0	0	0
fsh-generated/resources/Condition-Fall2-Diagnose-Mammakarzinom.json	2384	2	0	0	0	0	0	0	0	1	0	0	0	0	0	0	0	0	0	0	9	8	0	0	0	0	0	0	0
fsh-generated/resources/Condition-Fall2-Diagnose-Progression.json	2256	2	0	0	0	0	0	0	0	4	0	0	0	0	0	0	0	0	0	0	9	11	0	0	0	0	0	0	0
fsh-generated/resources/Condition-Fall2-Todesursache.json	813	1	0	0	0	0	0	0	0	387	0	0	0	0	0	0	0	0	0	0	7	8	0	0	0	0	0	0	0
fsh-generated/resources/Condition-Fall3-Diagnose-Mammakarzinom.json	2306	2	0	0	0	0	0	0	1	2	0	0	0	0	0	0	0	0	0	0	8	8	0	0	0	0	0	0	0
fsh-generated/resources/Condition-Fall4-Diagnose-Mammakarzinom.json	2332	2	0	0	1	0	0	0	0	1	0	0	0	0	0	0	0	0	0	0	10	10	0	0	0	0	0	0	0
fsh-generated/resources/Condition-Fall5-Diagnose-Mammakarzinom.json	2311	2	0	0	0	0	0	0	0	1	0	0	0	0	0	0	0	0	0	0	9	9	0	0	0	0	0	0	0
fsh-generated/resources/Condition-Fall5-Komorbiditaet-Diabetes.json	1202	2	0	0	0	0	0	0	0	1	0	0	0	0	0	0	0	0	0	0	6	10	0	0	0	0	0	0	0
fsh-generated/resources/Condition-Fall6-Diagnose-DCIS.json	2003	1	0	0	0	0	0	0	0	1	0	0	0	0	0	0	0	0	0	0	8	12	0	0	0	0	0	0	0
fsh-generated/resources/Condition-Fall7-Diagnose-Mammakarzinom.json	2318	2	0	0	0	0	0	0	0	1	0	0	0	0	0	0	0	0	0	0	9	11	0	0	0	0	0	0	0
fsh-generated/resources/Condition-Fall8-Diagnose-Mammakarzinom.json	2351	2	0	0	0	0	0	0	0	2	0	0	0	0	0	0	0	0	0	0	11	10	0	0	0	0	0	0	0
fsh-generated/resources/Condition-Fall9-Diagnose-Mammakarzinom.json	2344	1	0	0	0	0	0	0	1	1	0	0	0	0	0	0	0	0	0	0	9	9	0	0	0	0	0	0	0
fsh-generated/resources/Condition-Fall9-Komorbiditaet-Adipositas.json	1168	2	0	0	0	0	0	0	0	1	0	0	0	0	0	0	0	0	0	0	6	7	0	0	0	0	0	0	0
fsh-generated/resources/Condition-Fall9-Komorbiditaet-COPD.json	1203	1	0	0	0	0	0	0	0	0	0	0	0	0	0	0	0	0	0	0	6	6	0	0	0	0	0	0	0
fsh-generated/resources/Device-Fall10-Implantat-Links.json	605	1	0	0	0	0	0	0	0	2	0	0	0	0	0	0	0	0	0	0	4	10	0	0	0	0	0	0	0
fsh-generated/resources/Device-Fall10-Implantat-Rechts.json	606	1	0	0	0	0	0	0	0	1	0	0	0	0	0	0	0	0	0	0	23	7	0	0	0	0	0	0	0
fsh-generated/resources/DiagnosticReport-Example-Bildgebung-Mammographie.json	1067	1	0	0	0	0	0	0	0	3	0	0	0	0	0	0	0	0	0	0	8	12	0	0	0	0	0	0	0
fsh-generated/resources/DiagnosticReport-Example-Bildgebung-Skelettszintigraphie.json	909	2	0	0	0	0	0	0	0	1	0	0	0	0	0	0	0	0	0	0	5	7	0	0	0	0	0	0	0
fsh-generated/resources/DiagnosticReport-Example-Pathologie-Befund.json	1687	1	0	0	0	0	0	0	0	2	0	0	0	0	0	0	0	0	0	0	7	13	0	0	0	0	0	0	0
fsh-generated/resources/DiagnosticReport-Fall1-Bildgebung-Mammographie.json	895	1	0	0	0	0	0	0	0	1	0	0	0	0	0	0	0	0	0	0	7	10	0	0	0	0	0	0	0
fsh-generated/resources/DiagnosticReport-Fall1-Bildgebung-Skelettszintigraphie.json	919	1	0	0	0	0	0	0	0	1	0	0	0	0	0	0	0	0	0	0	4	6	0	0	0	0	0	0	0
fsh-generated/resources/DiagnosticReport-Fall1-Pathologie-Befund.json	1628	2	0	0	0	0	0	0	0	2	0	0	0	0	0	0	0	0	0	0	6	12	0	0	0	0	0	0	0
fsh-generated/resources/DiagnosticReport-Fall10-Bildgebung-Mammographie.json	934	1	0	0	0	0	0	0	0	1	0	0	0	0	0	0	0	0	0	0	5	6	0	0	0	0	0	0	0
fsh-generated/resources/DiagnosticReport-Fall10-Pathologie-Befund.json	1685	1	0	0	0	0	0	0	1	2	0	0	0	0	0	0	0	0	0	0	6	8	0	0	0	0	0	0	0
fsh-generated/resources/DiagnosticReport-Fall11-Bildgebung-Mammographie.json	966	1	0	0	0	0	0	0	0	1	0	0	0	0	0	0	0	0	0	0	5	10	0	0	0	0	0	0	0
fsh-generated/resources/DiagnosticReport-Fall11-Bildgebung-Sonographie.json	921	1	0	0	0	0	0	0	0	1	0	0	0	0	0	0	0	0	0	0	4	8	0	0	0	0	0	0	0
fsh-generated/resources/DiagnosticReport-Fall11-Pathologie-Befund.json	1634	2	0	0	0	0	0	0	0	2	0	0	0	0	0	0	0	0	0	0	7	14	0	0	0	0	0	0	0
fsh-generated/resources/DiagnosticReport-Fall12-Bildgebung-Mammographie.json	982	1	0	0	0	0	0	0	0	1	0	0	0	0	0	0	0	0	0	0	5	10	0	0	0	0	0	0	0
fsh-generated/resources/DiagnosticReport-Fall12-Pathologie-Befund-Nachresektion.json	1705	1	0	0	0	0	0	0	0	2	0	0	0	0	0	0	0	0	0	0	7	13	0	0	0	0	0	0	0
fsh-generated/resources/DiagnosticReport-Fall12-Pathologie-Befund-Vakuumbiopsie.json	1706	1	0	0	0	0	0	0	0	1	0	0	0	0	0	0	0	0	0	0	7	14	0	0	0	0	0	0	0
fsh-generated/resources/DiagnosticReport-Fall2-Bildgebung-CT.json	977	2	0	0	0	0	0	0	0	1	0	0	0	0	0	0	0	0	0	0	6	10	0	0	0	0	0	0	0
fsh-generated/resources/DiagnosticReport-Fall2-Bildgebung-MRT.json	931	1	0	0	0	0	0	0	0	1	0	0	0	0	0	0	0	0	0	0	5	11	0	0	0	0	0	0	0
fsh-generated/resources/DiagnosticReport-Fall2-Bildgebung-Mammographie.json	943	1	0	0	0	0	0	0	0	1	0	0	0	0	0	0	0	0	0	0	6	10	0	0	0	0	0	0	0
fsh-generated/resources/DiagnosticReport-Fall2-Bildgebung-Skelettszintigraphie.json	1181	1	0	0	0	0	0	0	0	1	0	0	0	0	0	0	0	0	0	0	5	9	0	0	0	0	0	0	0
fsh-generated/resources/DiagnosticReport-Fall2-Bildgebung-Sonographie.json	927	1	0	0	0	0	0	0	0	1	0	0	0	0	0	0	0	0	0	0	5	12	0	0	0	0	0	0	0
fsh-generated/resources/DiagnosticReport-Fall2-Pathologie-Befund.json	1678	2	0	0	0	0	0	0	0	1	0	0	0	0	0	0	0	0	0	0	8	22	0	0	0	0	0	0	0
fsh-generated/resources/DiagnosticReport-Fall3-Bildgebung-Mammographie.json	921	1	0	0	0	0	0	0	0	2	0	0	0	0	0	0	0	0	0	0	7	14	0	0	0	0	0	0	0
fsh-generated/resources/DiagnosticReport-Fall3-Pathologie-Befund-OP.json	1684	1	0	0	0	0	0	0	1	1	0	0	0	0	0	0	0	0	0	0	7	15	0	0	0	0	0	0	0
fsh-generated/resources/DiagnosticReport-Fall3-Pathologie-Befund.json	1633	2	0	0	0	0	0	0	0	1	0	0	0	0	0	0	0	0	0	0	7	16	0	0	0	0	0	0	0
fsh-generated/resources/DiagnosticReport-Fall4-Bildgebung-Mammographie.json	914	1	0	0	0	0	0	0	0	2	0	0	0	0	0	0	0	0	0	0	6	10	0	0	0	0	0	0	0
fsh-generated/resources/DiagnosticReport-Fall4-Bildgebung-Sonographie.json	850	1	0	0	0	0	0	0	0	0	0	0	0	0	0	0	0	0	0	0	5	11	0	0	0	0	0	0	0
fsh-generated/resources/DiagnosticReport-Fall4-Pathologie-Befund.json	1656	1	0	0	0	0	0	0	0	1	0	0	0	0	0	0	0	0	0	0	8	26	0	0	0	0	0	0	0
fsh-generated/resources/DiagnosticReport-Fall5-Bildgebung-MRT.json	863	2	0	0	0	0	0	0	0	1	0	0	0	0	0	0	0	0	0	0	7	8	0	0	0	0	0	0	0
fsh-generated/resources/DiagnosticReport-Fall5-Bildgebung-Mammographie.json	922	1	0	0	0	0	0	0	0	2	0	0	0	0	0	0	0	0	0	0	5	20	0	0	0	0	0	0	0
fsh-generated/resources/DiagnosticReport-Fall5-Bildgebung-Sonographie.json	879	1	0	0	0	0	0	0	0	0	0	0	0	0	0	0	0	0	0	0	7	12	0	0	0	0	0	0	0
fsh-generated/resources/DiagnosticReport-Fall5-Pathologie-Befund.json	1599	1	0	0	1	0	0	0	0	2	0	0	0	0	0	0	0	0	0	0	5	34	0	0	0	0	0	0	0
fsh-generated/resources/DiagnosticReport-Fall6-Bildgebung-Mammographie.json	930	2	0	0	0	0	0	0	0	1	0	0	0	0	0	0	0	0	0	0	5	18	0	0	0	0	0	0	0
fsh-generated/resources/DiagnosticReport-Fall6-Pathologie-Befund.json	1621	1	0	0	0	0	0	0	0	1	0	0	0	0	0	0	0	0	0	0	7	24	0	0	0	0	0	0	0
fsh-generated/resources/DiagnosticReport-Fall7-Bildgebung-Mammographie.json	917	1	0	0	0	0	0	0	0	2	0	0	0	0	0	0	0	0	0	0	4	16	0	0	0	0	0	0	0
fsh-generated/resources/DiagnosticReport-Fall7-Bildgebung-Sonographie.json	861	1	0	0	0	0	0	0	1	1	0	0	0	0	0	0	0	0	0	0	4	8	0	0	0	0	0	0	0
fsh-generated/resources/DiagnosticReport-Fall7-Pathologie-Befund.json	1650	2	0	0	0	0	0	0	0	1	0	0	0	0	0	0	0	0	0	0	8	25	0	0	0	0	0	0	0
fsh-generated/resources/DiagnosticReport-Fall8-Bildgebung-Mammographie.json	911	1	0	0	0	0	0	0	0	1	0	0	0	0	0	0	0	0	0	0	6	25	0	0	0	0	0	0	0
fsh-generated/resources/DiagnosticReport-Fall8-Bildgebung-Sonographie.json	869	1	0	0	0	0	0	0	0	1	0	0	0	0	0	0	0	0	0	0	5	16	0	0	0	0	0	0	0
fsh-generated/resources/DiagnosticReport-Fall8-Pathologie-Befund.json	1620	1	0	0	0	0	0	0	0	1	0	0	0	0	0	0	0	0	0	0	7	35	0	0	0	0	0	0	1
fsh-generated/resources/DiagnosticReport-Fall9-Bildgebung-Mammographie.json	925	2	0	0	0	0	0	0	0	4	0	0	0	0	0	0	0	0	0	0	7	25	0	0	0	0	0	0	0
fsh-generated/resources/DiagnosticReport-Fall9-Pathologie-Befund.json	1626	1	0	0	0	0	0	0	0	2	0	0	0	0	0	0	0	0	0	0	7	33	0	0	0	0	0	0	0
fsh-generated/resources/Encounter-Fall13-Encounter-Stationaer.json	549	1	0	0	0	0	0	0	0	219	0	0	0	0	0	0	0	0	0	0	5	22	0	0	0	0	0	0	0
fsh-generated/resources/FamilyMemberHistory-Fall1-Familienanamnese.json	878	2	0	0	0	0	0	0	0	702	0	0	0	0	0	0	0	0	0	0	7	14	0	0	0	0	0	0	0
fsh-generated/resources/FamilyMemberHistory-Fall10-Familienanamnese-Mutter.json	890	1	0	0	0	0	0	0	0	362	0	0	0	0	0	0	0	0	0	0	5	13	0	0	0	0	0	0	0
fsh-generated/resources/FamilyMemberHistory-Fall10-Familienanamnese-Schwester.json	889	1	0	0	0	0	0	0	0	360	0	0	0	0	0	0	0	0	0	0	5	13	0	0	0	0	0	0	0
fsh-generated/resources/MedicationStatement-Example-Begleitmedikation-Metoprolol.json	1163	1	0	0	0	0	0	0	0	364	0	0	0	0	0	0	0	0	0	0	6	40	0	0	0	0	0	0	0
fsh-generated/resources/MedicationStatement-Example-Medikation-Epirubicin.json	1433	1	0	0	0	0	0	0	1	364	0	0	0	0	0	0	0	0	0	0	8	25	0	0	0	0	0	0	0
fsh-generated/resources/MedicationStatement-Fall1-Begleitmedikation-LThyroxin.json	1065	1	0	0	0	0	0	0	0	362	0	0	0	0	0	0	0	0	0	0	7	10	0	0	0	0	0	0	0
fsh-generated/resources/MedicationStatement-Fall1-Begleitmedikation-Metoprolol.json	1037	2	1	0	0	0	0	0	0	359	0	0	0	0	0	0	0	0	0	0	6	10	0	0	0	0	0	0	0
fsh-generated/resources/MedicationStatement-Fall10-Medikation-Carboplatin.json	1185	1	0	0	0	0	0	0	0	1	0	0	0	0	0	0	0	0	0	0	7	18	0	0	0	0	0	0	0
fsh-generated/resources/MedicationStatement-Fall10-Medikation-Paclitaxel.json	1452	1	0	0	0	0	0	0	0	362	0	0	0	0	0	0	0	0	0	0	7	20	0	0	0	0	0	0	0
fsh-generated/resources/MedicationStatement-Fall2-Begleitmedikation-Ondansetron.json	1068	2	0	0	0	0	0	0	0	360	0	0	0	0	0	0	0	0	0	0	6	10	0	0	0	0	0	0	0
fsh-generated/resources/MedicationStatement-Fall2-Begleitmedikation-Zoledronat.json	1041	1	0	0	0	0	0	0	0	362	0	0	0	0	0	0	0	0	0	0	6	11	0	0	0	0	0	0	0
fsh-generated/resources/MedicationStatement-Fall2-Medikation-Carboplatin.json	1181	1	0	0	0	0	0	0	0	2	0	0	0	0	0	0	0	0	0	0	5	10	0	0	0	0	0	0	0
fsh-generated/resources/MedicationStatement-Fall2-Medikation-Paclitaxel.json	1447	1	0	0	0	0	0	0	0	353	0	0	0	0	0	0	0	0	0	0	5	9	0	0	0	0	0	0	0
fsh-generated/resources/MedicationStatement-Fall2-Medikation-Pembrolizumab.json	1451	2	0	0	0	0	0	0	0	362	0	0	0	0	0	0	0	0	0	0	5	8	0	0	0	0	0	0	0
fsh-generated/resources/MedicationStatement-Fall3-Begleitmedikation-Anastrozol.json	1023	1	0	0	0	0	0	0	0	347	0	0	0	0	0	0	0	0	0	0	5	5	0	0	0	0	0	0	0
fsh-generated/resources/MedicationStatement-Fall4-Medikation-Carboplatin.json	1181	1	0	0	0	0	0	0	1	1	0	0	0	0	0	0	0	0	0	0	5	9	0	0	0	0	0	0	0
fsh-generated/resources/MedicationStatement-Fall4-Medikation-Docetaxel.json	1444	1	0	0	0	0	0	0	0	363	0	0	0	0	0	0	0	0	0	0	6	14	0	0	0	0	0	0	0
fsh-generated/resources/MedicationStatement-Fall4-Medikation-Pertuzumab.json	1461	2	0	0	0	0	0	0	0	363	0	0	0	0	0	0	0	0	0	0	7	17	0	0	0	0	0	0	0
fsh-generated/resources/MedicationStatement-Fall4-Medikation-Trastuzumab.json	1468	1	0	0	0	0	0	0	0	360	0	0	0	0	0	0	0	0	0	0	7	17	0	0	0	0	0	0	0
fsh-generated/resources/MedicationStatement-Fall5-Begleitmedikation-Letrozol.json	1021	1	0	0	0	0	0	0	0	360	0	0	0	0	0	0	0	0	0	0	5	13	0	0	0	0	0	0	0
fsh-generated/resources/MedicationStatement-Fall7-Medikation-Carboplatin.json	1183	2	0	0	0	0	0	0	0	2	0	0	0	0	0	0	0	1	0	0	6	17	0	0	0	0	0	0	0
fsh-generated/resources/MedicationStatement-Fall7-Medikation-Epirubicin.json	1449	1	0	0	0	0	0	0	0	364	0	0	0	0	0	0	0	0	0	0	7	18	0	0	0	0	0	0	0
fsh-generated/resources/MedicationStatement-Fall7-Medikation-Paclitaxel.json	1449	1	0	0	0	0	0	0	0	358	0	0	0	0	0	0	0	0	0	0	7	14	0	0	0	0	0	0	0
fsh-generated/resources/MedicationStatement-Fall8-Begleitmedikation-Tamoxifen.json	1085	1	0	0	0	0	0	0	0	348	0	0	0	0	0	0	0	0	0	0	6	5	0	0	0	0	0	0	0
fsh-generated/resources/MedicationStatement-Fall9-Begleitmedikation-Tamoxifen.json	1122	1	0	0	0	0	0	0	1	359	0	0	0	0	0	0	0	0	0	0	4	5	0	0	0	0	0	0	0
fsh-generated/resources/MedicationStatement-Fall9-Medikation-Epirubicin.json	1175	2	0	0	0	0	0	0	0	2	0	0	0	0	0	0	0	0	0	0	5	8	0	0	0	0	0	0	0
fsh-generated/resources/MedicationStatement-Fall9-Medikation-Paclitaxel.json	1442	1	0	0	0	0	0	0	0	361	0	0	0	0	0	0	0	0	0	0	7	8	0	0	0	0	0	0	0
fsh-generated/resources/Observation-Example-Bildgebung-BiRADS-Links.json	1121	2	0	0	0	0	0	0	0	2	0	0	0	0	0	0	0	0	0	0	6	5	0	0	0	0	0	0	0
fsh-generated/resources/Observation-Example-Bildgebung-BiRADS-Rechts.json	974	1	0	0	0	0	0	0	0	0	0	0	0	0	0	0	0	0	0	0	5	6	0	0	0	0	0	0	0
fsh-generated/resources/Observation-Example-Checkliste-Erbliche-Belastung-Ja.json	811	2	0	0	0	0	0	0	0	1	0	0	0	0	0	0	0	0	0	0	6	5	0	0	0	0	0	0	0
fsh-generated/resources/Observation-Example-Checkliste-Erbliche-Belastung-Nein.json	565	1	0	0	1	0	0	0	0	1	0	0	0	0	0	0	0	0	0	0	5	4	0	0	0	0	0	0	0
fsh-generated/resources/Observation-Example-Patho-Conclusion.json	464	2	0	0	0	0	0	0	0	1	0	0	0	0	0	0	0	0	0	0	4	5	0	0	0	0	0	0	0
fsh-generated/resources/Observation-Fall1-BiRADS-Links.json	1115	1	0	0	0	0	0	0	0	0	0	0	0	0	0	0	0	0	0	0	5	7	0	0	0	0	0	0	0
fsh-generated/resources/Observation-Fall1-ECOG-6Monate.json	892	1	0	0	0	0	0	0	0	1	0	0	0	0	0	0	0	0	0	0	4	4	0	0	0	0	0	0	0
fsh-generated/resources/Observation-Fall1-Genexpressions-Score.json	866	2	0	0	0	0	0	0	0	361	0	0	0	0	0	0	0	0	0	0	4	4	0	0	0	0	0	0	0
fsh-generated/resources/Observation-Fall1-Gynaekologische-Anamnese.json	2070	1	0	0	0	0	0	0	0	1081	0	0	0	0	0	0	0	0	0	0	6	4	0	0	0	0	0	0	0
fsh-generated/resources/Observation-Fall1-Klinische-Untersuchung.json	1880	2	0	0	0	0	0	0	1	1	0	0	0	0	0	0	0	0	0	0	6	5	0	0	0	0	0	0	0
fsh-generated/resources/Observation-Fall1-PALB2-Keimbahn-Wildtyp.json	2195	2	0	0	0	0	0	0	0	3	0	0	0	0	0	0	0	0	0	0	6	5	0	0	0	0	0	0	0
fsh-generated/resources/Observation-Fall1-Patho-Conclusion.json	490	1	0	0	0	0	0	0	0	1	0	0	0	0	0	0	0	0	0	0	3	4	0	0	0	0	0	0	0
fsh-generated/resources/Observation-Fall1-Raucherstatus.json	768	2	0	0	0	0	0	0	0	0	0	0	0	0	0	0	0	0	0	0	4	4	0	0	0	0	0	0	0
fsh-generated/resources/Observation-Fall1-Somatische-Mutation-BRCA1.json	1600	1	0	0	0	0	0	0	0	1	0	0	0	0	0	0	0	0	0	0	6	4	0	0	0	0	0	0	0
fsh-generated/resources/Observation-Fall1-Somatische-Mutation-BRCA2.json	1600	2	0	0	0	0	0	0	0	1	0	0	0	0	0	0	0	0	0	0	7	5	0	0	0	0	0	0	0
fsh-generated/resources/Observation-Fall1-Somatische-Mutation-PALB2.json	1601	2	0	0	0	0	0	0	0	1	0	0	0	0	0	0	0	0	0	0	7	4	0	0	0	0	0	0	0
fsh-generated/resources/Observation-Fall1-Verlauf-6Monate.json	3384	1	0	0	0	0	0	0	0	2	0	0	0	0	0	0	0	0	0	0	11	9	0	0	0	0	0	0	0
fsh-generated/resources/Observation-Fall1-Verlauf-PostTherapie.json	3379	2	0	0	0	0	0	0	1	2	0	0	0	0	0	0	0	0	0	0	10	9	0	0	0	0	0	0	0
fsh-generated/resources/Observation-Fall1-Vitalstatus-Lebend.json	938	2	0	0	0	0	0	0	0	1	0	0	0	0	0	0	0	0	0	0	4	5	0	0	0	0	0	0	0
fsh-generated/resources/Observation-Fall10-BiRADS-Rechts.json	1148	1	0	0	0	0	0	0	0	1	0	0	0	0	0	0	0	0	0	0	5	4	0	0	0	0	0	0	0
fsh-generated/resources/Observation-Fall10-PALB2-Keimbahn-Mutation.json	3114	2	0	0	0	0	0	0	0	1	0	0	0	0	0	0	0	0	0	0	10	5	0	0	0	0	0	0	0
fsh-generated/resources/Observation-Fall10-PDL1-Status.json	2461	2	0	0	0	0	0	0	0	720	0	0	0	0	0	0	0	0	0	0	8	6	0	0	0	0	0	0	0
fsh-generated/resources/Observation-Fall10-Patho-Conclusion.json	509	1	0	0	0	0	0	0	0	1	0	0	0	0	0	0	0	0	0	0	3	7	0	0	0	0	0	0	0
fsh-generated/resources/Observation-Fall11-BiRADS-Links.json	1185	1	0	0	0	0	0	0	0	0	0	0	0	0	0	0	0	0	0	0	5	5	0	0	0	0	0	0	0
fsh-generated/resources/Observation-Fall11-Klinische-Untersuchung.json	1915	2	0	0	0	0	0	0	0	1	0	0	0	0	0	0	0	0	0	0	6	6	0	0	0	0	0	0	0
fsh-generated/resources/Observation-Fall11-Patho-Conclusion.json	499	1	0	0	0	0	0	0	0	1	0	0	0	0	0	0	0	0	0	0	4	5	0	0	0	0	0	0	0
fsh-generated/resources/Observation-Fall12-BiRADS-Links.json	1174	2	0	0	0	0	0	0	0	1	0	0	0	0	0	0	0	0	0	0	6	4	0	0	0	0	0	0	0
fsh-generated/resources/Observation-Fall12-Patho-Conclusion-Nachresektion.json	539	1	0	0	0	0	0	0	0	0	0	0	0	0	0	0	0	0	0	0	4	4	0	0	0	0	0	0	0
fsh-generated/resources/Observation-Fall12-Patho-Conclusion-Vakuumbiopsie.json	535	1	0	0	0	0	0	0	1	1	0	0	0	0	0	0	0	0	0	0	4	4	0	0	0	0	0	0	0
fsh-generated/resources/Observation-Fall2-BiRADS-Rechts.json	1175	2	0	0	0	0	0	0	0	0	0	0	0	0	0	0	0	0	0	0	6	5	0	0	0	0	0	0	0
fsh-generated/resources/Observation-Fall2-ECOG-Progression.json	940	1	0	0	0	0	0	0	0	1	0	0	0	0	0	0	0	0	0	0	5	6	0	0	0	0	0	0	0
fsh-generated/resources/Observation-Fall2-Komplikation-Serom.json	1671	2	0	0	0	0	0	0	0	1	0	0	0	0	0	0	0	0	0	0	7	8	0	0	0	0	0	0	0
fsh-generated/resources/Observation-Fall2-PDL1-Status.json	2134	2	0	0	0	0	0	0	0	706	0	0	0	0	0	0	0	0	0	0	6	5	0	0	0	0	0	0	0
fsh-generated/resources/Observation-Fall2-Patho-Conclusion.json	506	1	0	0	0	0	0	0	0	1	0	0	0	0	0	0	0	0	0	0	4	6	0	0	0	0	0	0	0
fsh-generated/resources/Observation-Fall2-Tod-Tumorbedingt.json	1153	2	0	0	0	0	0	0	0	380	0	0	0	0	0	0	0	0	0	0	4	5	0	0	0	0	0	0	0
fsh-generated/resources/Observation-Fall2-Verlauf-Progression.json	3343	2	0	0	0	0	0	0	0	2	0	0	0	0	0	0	0	0	0	0	8	10	0	0	0	0	0	0	1
fsh-generated/resources/Observation-Fall2-Verlauf-Tod.json	3335	2	0	0	0	0	0	0	0	1	0	0	0	0	0	0	0	0	0	0	9	10	0	0	0	0	0	0	0
fsh-generated/resources/Observation-Fall2-Vitalstatus-Verstorben.json	959	2	0	0	0	0	0	0	1	0	0	0	0	0	0	0	0	0	0	0	4	5	0	0	0	0	0	0	0
fsh-generated/resources/Observation-Fall3-BiRADS-Rechts.json	1125	2	0	0	0	0	0	0	0	1	0	0	0	0	0	0	0	0	0	0	5	4	0	0	0	0	0	0	0
fsh-generated/resources/Observation-Fall3-Patho-Conclusion-OP.json	469	2	0	0	0	0	0	0	0	0	0	0	0	0	0	0	0	0	0	0	3	5	0	0	0	0	0	0	0
fsh-generated/resources/Observation-Fall3-Patho-Conclusion.json	487	1	0	0	0	0	0	0	0	1	0	0	0	0	0	0	0	0	0	0	3	3	0	0	0	0	0	0	0
fsh-generated/resources/Observation-Fall4-BiRADS-Links.json	1123	2	0	0	0	0	0	0	0	1	0	0	0	0	0	0	0	0	0	0	4	5	0	0	0	0	0	0	0
fsh-generated/resources/Observation-Fall4-ECOG-PostTherapie.json	1000	2	0	0	0	0	0	0	0	0	0	0	0	0	0	0	0	0	0	0	5	5	0	0	0	0	0	0	0
fsh-generated/resources/Observation-Fall4-Patho-Conclusion.json	503	2	0	0	0	0	0	0	0	1	0	0	0	0	0	0	0	0	0	0	3	4	0	0	0	0	0	0	0
fsh-generated/resources/Observation-Fall4-Verlauf-PostTherapie.json	3382	2	0	0	0	0	0	0	0	0	0	0	0	0	0	0	0	0	0	0	8	11	0	0	0	0	0	0	0
fsh-generated/resources/Observation-Fall5-BiRADS-Rechts.json	1143	2	0	0	0	0	0	0	0	1	0	0	0	0	0	0	0	0	0	0	5	6	0	0	0	0	0	0	0
fsh-generated/resources/Observation-Fall5-Patho-Conclusion.json	482	1	0	0	1	0	0	0	0	1	0	0	0	0	0	0	0	0	0	0	3	5	0	0	0	0	0	0	0
fsh-generated/resources/Observation-Fall5-Somatische-Mutation-BRCA1.json	1684	2	0	0	0	0	0	0	0	0	0	0	0	0	0	0	0	0	0	0	5	6	0	0	0	0	0	0	0
fsh-generated/resources/Observation-Fall6-BiRADS-Links.json	1158	2	0	0	0	0	0	0	0	1	0	0	0	0	0	0	0	0	0	0	5	4	0	0	0	0	0	0	0
fsh-generated/resources/Observation-Fall6-Patho-Conclusion.json	499	1	0	0	0	0	0	0	0	1	0	0	0	0	0	0	0	0	0	0	3	4	0	0	0	0	0	0	0
fsh-generated/resources/Observation-Fall7-BiRADS-Rechts.json	1138	2	0	0	0	0	0	0	1	0	0	0	0	0	0	0	0	0	0	0	4	4	0	0	0	0	0	0	0
fsh-generated/resources/Observation-Fall7-PDL1-Status.json	2134	1	0	0	0	0	0	0	0	724	0	0	0	0	0	0	0	0	0	0	8	6	0	0	0	0	0	0	0
fsh-generated/resources/Observation-Fall7-Patho-Conclusion.json	501	2	0	0	0	0	0	0	0	1	0	0	0	0	0	0	0	0	0	0	4	5	0	0	0	0	0	0	0
fsh-generated/resources/Observation-Fall8-BiRADS-Rechts.json	1149	1	0	0	0	0	0	0	0	1	0	0	0	0	0	0	0	0	0	0	5	4	0	0	0	0	0	0	0
fsh-generated/resources/Observation-Fall8-Patho-Conclusion.json	490	1	0	0	0	0	0	0	0	0	0	0	0	0	0	0	0	0	0	0	3	5	0	0	0	0	0	0	0
fsh-generated/resources/Observation-Fall9-BiRADS-Links.json	1157	2	0	0	0	0	0	0	0	1	0	0	0	0	0	0	0	0	0	0	5	5	0	0	0	0	0	0	0
fsh-generated/resources/Observation-Fall9-ECOG-12Monate.json	994	2	0	0	0	0	0	0	0	1	0	0	0	0	0	0	0	0	0	0	5	4	0	0	0	0	0	0	0
fsh-generated/resources/Observation-Fall9-Komplikation-Lymphoedem.json	1744	1	0	0	0	0	0	0	0	1	0	0	0	0	0	0	0	0	0	0	5	7	0	0	0	0	0	0	0
fsh-generated/resources/Observation-Fall9-Patho-Conclusion.json	514	2	0	0	0	0	0	0	0	0	0	0	0	0	0	0	0	0	0	0	4	5	0	0	0	0	0	0	0
fsh-generated/resources/Observation-Fall9-Verlauf-12Monate.json	3383	2	0	0	0	0	0	0	0	1	0	0	0	0	0	0	0	0	0	0	8	9	0	0	0	0	0	0	0
fsh-generated/resources/Organization-Brustzentrum-Charite.json	481	1	0	0	0	0	0	0	0	0	0	0	0	0	0	0	0	0	0	0	3	4	0	0	0	0	0	0	0
fsh-generated/resources/Patient-Fall1-Patient-Erika-Neumann.json	424	1	0	0	0	0	0	0	0	1	0	0	0	0	0	0	0	0	0	0	3	4	0	0	0	0	0	0	0
fsh-generated/resources/Patient-Fall10-Patient-Christina-Becker.json	431	1	0	0	0	0	0	0	0	0	0	0	0	0	0	0	0	0	0	0	3	2	0	0	0	0	0	0	0
fsh-generated/resources/Patient-Fall11-Patient-Hannah-Klein.json	424	1	0	0	0	0	0	0	1	0	0	0	0	0	0	0	0	0	0	0	3	3	0	0	0	0	0	0	0
fsh-generated/resources/Patient-Fall12-Patient-Renate-Vogel.json	421	1	0	0	0	0	0	0	0	1	0	0	0	0	0	0	0	0	0	0	2	1	0	0	0	0	0	0	0
fsh-generated/resources/Patient-Fall13-Patient-Margarete-Schreiber.json	437	1	0	0	0	0	0	0	0	0	0	0	0	0	0	0	0	0	0	0	3	2	0	0	0	0	0	0	0
fsh-generated/resources/Patient-Fall2-Patient-Lena-Hoffmann-Verstorben.json	471	1	0	0	0	0	0	0	0	0	0	0	0	0	0	0	0	0	0	0	3	2	0	0	0	0	0	0	0
fsh-generated/resources/Patient-Fall2-Patient-Lena-Hoffmann.json	424	1	0	0	0	0	0	0	0	0	0	0	0	0	0	0	0	0	0	0	3	2	0	0	0	0	0	0	0
fsh-generated/resources/Patient-Fall3-Patient-Sabine-Weber.json	422	1	0	0	0	0	0	0	0	1	0	0	0	0	0	0	0	0	0	0	3	2	0	0	0	0	0	0	0
fsh-generated/resources/Patient-Fall4-Patient-Julia-Fischer.json	426	1	0	0	0	0	0	0	0	0	0	0	0	0	0	0	0	0	0	0	2	2	0	0	0	0	0	0	0
fsh-generated/resources/Patient-Fall5-Patient-Monika-Braun.json	423	1	0	0	0	0	0	0	0	0	0	0	0	0	0	0	0	0	0	0	3	2	0	0	0	0	0	0	0
fsh-generated/resources/Patient-Fall6-Patient-Petra-Schneider.json	431	1	0	0	0	0	0	0	0	0	0	0	0	0	0	0	0	0	0	0	4	1	0	0	0	0	0	0	0
fsh-generated/resources/Patient-Fall7-Patient-Kathrin-Mueller.json	427	1	0	0	0	0	0	0	0	0	0	0	0	0	0	0	0	0	0	0	3	2	0	0	0	0	0	0	0
fsh-generated/resources/Patient-Fall8-Patient-Klaus-Hartmann.json	425	2	0	0	0	0	0	0	0	1	0	0	0	0	0	0	0	0	0	0	3	2	0	0	0	0	0	0	0
fsh-generated/resources/Patient-Fall9-Patient-Andrea-Wolf.json	423	1	0	0	0	0	0	0	0	0	0	0	0	0	0	0	0	0	0	0	3	2	0	0	0	0	0	0	0
fsh-generated/resources/Patient-example-patient.json	337	1	0	0	0	0	0	0	0	0	0	0	0	0	0	0	0	0	0	0	2	2	0	0	0	0	0	0	0
fsh-generated/resources/Procedure-Example-Operation-BET.json	2303	1	0	0	0	0	0	0	0	2	0	0	0	0	0	0	0	0	0	0	9	10	0	0	0	1	0	0	0
fsh-generated/resources/Procedure-Example-Operation-SLNB.json	1947	1	0	0	0	0	0	0	0	0	0	0	0	0	0	0	0	0	0	0	7	10	0	0	0	0	0	0	0
fsh-generated/resources/Procedure-Example-Strahlentherapie.json	2069	1	0	0	0	0	0	0	1	361	0	0	0	0	0	0	0	0	0	0	8	8	0	0	0	0	0	0	0
fsh-generated/resources/Procedure-Example-Systemtherapie-ECT.json	2014	1	0	0	0	0	0	0	0	1	0	0	0	0	0	0	0	0	0	0	7	6	0	0	0	0	0	0	0
fsh-generated/resources/Procedure-Fall1-Operation-BET.json	2369	1	0	0	0	0	0	0	0	0	0	0	0	0	0	0	0	0	0	0	8	8	0	0	0	0	0	0	0
fsh-generated/resources/Procedure-Fall1-Operation-SLNB.json	1966	2	0	0	0	0	0	0	0	1	0	0	0	0	0	0	0	0	0	0	8	10	0	0	0	0	0	0	0
fsh-generated/resources/Procedure-Fall1-Sozialdienst.json	488	1	0	0	0	0	0	0	0	1	0	0	0	0	0	0	0	0	0	0	4	5	0	0	0	0	0	0	0
fsh-generated/resources/Procedure-Fall1-Strahlentherapie.json	1970	1	0	0	0	0	0	0	0	1	0	0	0	0	0	0	0	0	0	0	5	7	0	0	0	0	0	0	0
fsh-generated/resources/Procedure-Fall10-Operation-Mastektomie-Links.json	1686	1	0	0	0	0	0	0	0	1	0	0	0	0	0	0	0	0	0	0	6	5	0	0	0	0	0	0	0
fsh-generated/resources/Procedure-Fall10-Operation-Mastektomie-Rechts.json	2312	1	0	0	0	0	0	0	0	1	0	0	0	0	0	0	0	0	0	0	6	6	0	0	0	0	0	0	0
fsh-generated/resources/Procedure-Fall10-Operation-SLNB.json	1996	1	0	0	0	0	0	0	1	1	0	0	0	0	0	0	0	0	0	0	6	9	0	0	0	0	0	0	0
fsh-generated/resources/Procedure-Fall10-Rekonstruktion-Links.json	1911	1	0	0	0	0	0	0	0	2	0	0	0	0	0	0	0	0	0	0	6	10	0	0	0	0	0	0	0
fsh-generated/resources/Procedure-Fall10-Rekonstruktion-Rechts.json	1914	2	0	0	0	0	0	0	0	1	0	0	0	0	0	0	0	0	0	0	6	9	0	0	0	0	0	0	0
fsh-generated/resources/Procedure-Fall10-Strahlentherapie.json	1992	1	0	0	0	0	0	0	0	1	0	0	0	0	0	0	0	0	0	0	6	6	0	0	0	0	0	0	0
fsh-generated/resources/Procedure-Fall10-Systemtherapie-Adjuvant.json	2054	1	0	0	0	0	0	0	0	1	0	0	0	0	0	0	0	0	0	0	6	7	0	0	0	0	0	0	0
fsh-generated/resources/Procedure-Fall12-Operation-Nachresektion.json	2420	1	0	0	0	0	0	0	0	1	0	0	0	0	0	0	0	0	0	0	7	7	0	0	0	0	0	0	0
fsh-generated/resources/Procedure-Fall13-Operation-BET-Links.json	1807	1	0	0	1	0	0	0	0	1	0	0	0	0	0	0	0	0	0	0	6	6	0	0	0	0	0	0	0
fsh-generated/resources/Procedure-Fall13-Operation-Mastektomie-Rechts.json	1805	2	0	0	0	0	0	0	0	1	0	0	0	0	0	0	0	0	0	0	5	7	0	0	0	0	0	0	0
fsh-generated/resources/Procedure-Fall13-Systemtherapie-EC-Pac-H.json	1682	1	0	0	0	0	0	0	1	3	0	0	0	0	0	0	0	0	0	0	5	8	0	0	1	0	0	0	0
fsh-generated/resources/Procedure-Fall2-Operation-Axilladissektion.json	1991	1	0	0	0	0	0	0	0	1	0	0	0	0	0	0	0	0	0	0	6	8	0	0	0	0	0	0	0
fsh-generated/resources/Procedure-Fall2-Operation-Mastektomie.json	2496	1	0	0	0	0	0	0	0	1	0	0	0	0	0	0	0	0	0	0	6	7	0	0	0	0	0	0	0
fsh-generated/resources/Procedure-Fall2-Strahlentherapie.json	2031	1	0	0	0	0	0	0	0	1	0	0	0	0	0	0	0	0	0	0	6	6	0	0	0	0	0	0	0
fsh-generated/resources/Procedure-Fall2-Systemtherapie-Adjuvant.json	1965	2	0	0	0	0	0	0	0	0	0	0	0	0	0	0	0	0	0	0	6	7	0	0	0	0	0	0	0
fsh-generated/resources/Procedure-Fall2-Systemtherapie-Neoadjuvant.json	2138	1	0	0	0	0	0	0	0	1	0	0	0	0	0	0	0	0	0	0	6	6	0	0	0	0	0	0	0
fsh-generated/resources/Procedure-Fall3-Operation-Axilladissektion.json	1983	1	0	0	0	0	0	0	0	1	0	0	0	0	0	0	0	0	0	0	6	8	0	0	0	0	0	0	0
fsh-generated/resources/Procedure-Fall3-Operation-Mastektomie.json	2235	1	0	0	0	0	0	0	0	1	0	0	0	0	0	0	0	0	0	0	6	6	0	0	0	0	0	0	0
fsh-generated/resources/Procedure-Fall3-Strahlentherapie.json	1979	2	0	0	0	0	0	0	1	1	0	0	0	0	0	0	0	0	0	0	6	6	0	0	0	0	0	0	0
fsh-generated/resources/Procedure-Fall4-Operation-BET.json	2406	1	0	0	0	0	0	0	0	1	0	0	0	0	0	0	0	0	0	0	7	7	0	0	0	0	0	0	0
fsh-generated/resources/Procedure-Fall4-Operation-SLNB.json	1967	1	0	0	0	0	0	0	0	1	0	0	0	0	0	0	0	0	0	0	6	7	0	0	0	0	0	0	0
fsh-generated/resources/Procedure-Fall4-Strahlentherapie.json	1968	1	0	0	0	0	0	0	0	1	0	0	0	0	0	0	0	0	0	0	6	8	0	0	0	0	0	0	0
fsh-generated/resources/Procedure-Fall4-Systemtherapie-Neoadjuvant.json	2094	2	0	0	0	0	0	0	0	1	0	0	0	0	0	0	0	0	0	0	6	6	0	0	0	0	0	0	0
fsh-generated/resources/Procedure-Fall5-Operation-BET.json	2413	1	0	0	0	0	0	0	0	1	0	0	0	0	0	0	0	0	0	0	6	34	0	0	0	0	0	0	0
fsh-generated/resources/Procedure-Fall5-Operation-SLNB.json	1967	1	0	0	0	0	0	0	0	0	0	0	0	0	0	0	0	0	0	0	6	8	0	0	0	0	0	0	0
fsh-generated/resources/Procedure-Fall5-Strahlentherapie.json	1977	1	0	0	0	0	0	0	0	1	0	0	0	0	0	0	0	0	0	0	6	6	0	0	0	0	0	0	0
fsh-generated/resources/Procedure-Fall5-Systemtherapie-Neoadjuvant.json	2109	2	0	0	0	0	0	0	1	1	0	0	0	0	0	0	0	0	0	0	6	7	0	0	0	0	0	0	1
fsh-generated/resources/Procedure-Fall6-Operation-BET.json	2430	1	0	0	0	0	0	0	0	1	0	0	0	0	0	0	0	0	0	0	6	7	0	0	0	0	0	0	0
fsh-generated/resources/Procedure-Fall6-Strahlentherapie.json	1925	1	0	0	0	0	0	0	0	1	0	0	0	0	0	0	0	0	0	0	6	8	0	0	0	0	0	0	0
fsh-generated/resources/Procedure-Fall7-Operation-BET.json	2410	2	0	0	0	0	0	0	0	1	0	0	0	0	0	0	0	0	0	0	6	7	0	0	0	0	0	0	0
fsh-generated/resources/Procedure-Fall7-Operation-SLNB.json	1970	1	0	0	0	0	0	0	0	1	0	0	0	0	0	0	0	0	0	0	5	8	0	0	0	0	0	0	0
fsh-generated/resources/Procedure-Fall7-Strahlentherapie.json	1991	1	0	0	0	0	0	0	0	1	0	0	0	0	0	0	0	0	0	0	6	8	0	0	0	0	0	0	0
fsh-generated/resources/Procedure-Fall7-Systemtherapie-Neoadjuvant.json	2122	19	0	0	0	0	0	0	0	1	0	0	0	0	0	0	0	0	0	0	6	7	0	0	0	0	0	0	0
fsh-generated/resources/Procedure-Fall8-Operation-Mastektomie.json	2218	2	0	0	0	0	0	0	1	1	0	0	0	0	0	0	0	0	0	0	6	6	0	0	0	0	0	0	0
fsh-generated/resources/Procedure-Fall8-Operation-SLNB.json	1976	1	0	0	0	0	0	0	0	1	0	0	0	0	0	0	0	0	0	0	5	8	0	0	0	0	0	0	0
fsh-generated/resources/Procedure-Fall8-Strahlentherapie.json	1950	2	0	0	0	0	0	0	0	1	0	0	0	0	0	0	0	0	0	0	6	7	0	0	0	0	0	0	0
fsh-generated/resources/Procedure-Fall9-Operation-Axilladissektion.json	1982	2	0	0	0	0	0	0	0	1	0	0	0	0	0	0	0	1	0	0	6	8	0	0	0	0	0	0	0
fsh-generated/resources/Procedure-Fall9-Operation-BET.json	2387	1	0	0	0	0	0	0	0	1	0	0	0	0	0	0	0	0	0	0	6	7	0	0	0	0	0	0	0
fsh-generated/resources/Procedure-Fall9-Strahlentherapie.json	2056	2	0	0	0	0	0	0	0	1	0	0	0	0	0	0	0	0	0	0	6	7	0	0	0	0	0	0	0
fsh-generated/resources/Procedure-Fall9-Systemtherapie-Adjuvant.json	2047	1	0	0	0	0	0	0	0	1	0	0	0	0	0	0	0	0	0	0	6	7	0	0	0	0	0	0	0
fsh-generated/resources/Questionnaire-senologie-bildgebung.json	13042	3	0	0	0	0	0	0	1	680	0	0	0	0	0	0	0	0	0	0	69	38	0	0	0	0	3	0	0
fsh-generated/resources/Questionnaire-senologie-diagnose.json	10302	3	0	0	0	0	0	0	1	401	0	0	0	0	0	0	0	0	0	0	58	29	0	0	0	0	2	0	0
fsh-generated/resources/Questionnaire-senologie-erstanamnese.json	15112	3	0	0	0	0	0	0	1	24	0	0	0	0	0	0	0	0	0	0	71	28	0	0	0	0	4	0	0
fsh-generated/resources/Questionnaire-senologie-klinische-untersuchung.json	10774	3	0	0	0	0	0	0	0	13	0	0	0	0	0	0	0	0	0	0	40	23	0	0	0	0	2	0	0
fsh-generated/resources/Questionnaire-senologie-op-planung.json	7290	3	0	0	1	0	0	0	1	12	0	0	0	0	0	0	0	0	0	0	44	39	0	0	0	0	1	0	0
fsh-generated/resources/Questionnaire-senologie-pathologie.json	16422	6	0	0	0	0	0	0	1	20	0	0	0	0	0	0	0	0	0	0	77	35	0	0	0	0	4	0	1
fsh-generated/resources/Questionnaire-senologie-postop.json	12953	5	0	0	0	0	0	0	1	14	0	0	0	0	0	0	0	0	0	0	64	424	0	0	0	0	2	0	0
fsh-generated/resources/Questionnaire-senologie-strahlentherapie-quest.json	10867	3	0	0	0	0	0	0	1	12	0	0	0	0	0	0	0	0	0	0	60	26	0	0	0	0	2	0	0
fsh-generated/resources/Questionnaire-senologie-systemtherapie.json	9594	3	0	0	0	0	0	0	0	13	0	0	0	0	0	0	0	0	0	0	58	402	0	0	0	0	2	0	0
fsh-generated/resources/Questionnaire-senologie-tumorboard.json	15057	3	0	0	0	0	0	0	1	11	0	0	0	0	0	0	0	0	0	0	45	17	0	0	0	0	2	0	0
fsh-generated/resources/Questionnaire-senologie-verlauf.json	11292	3	0	0	0	0	0	0	1	13	0	0	0	0	0	0	0	0	0	0	63	20	0	0	0	0	2	0	0
fsh-generated/resources/QuestionnaireResponse-Fall13-QR-Bezugsdiagnose-Selection.json	1262	2	0	0	0	0	0	0	0	3	0	0	0	0	0	0	0	1	0	0	15	28	0	0	0	0	0	0	0
fsh-generated/resources/QuestionnaireResponse-QR-Bildgebung-Fall1.json	2979	1	0	0	0	0	0	0	0	2	0	0	0	0	0	0	0	0	0	0	32	17	0	0	0	0	0	0	0
fsh-generated/resources/QuestionnaireResponse-QR-Diagnose-Fall1.json	2645	2	0	0	0	0	0	0	0	2	0	0	0	0	0	0	0	0	0	0	28	10	0	0	0	0	0	0	0
fsh-generated/resources/QuestionnaireResponse-QR-Erstanamnese-Fall1.json	5224	1	0	0	0	0	0	0	0	27	0	0	0	0	0	0	0	0	0	0	51	11	0	0	0	0	0	0	0
fsh-generated/resources/QuestionnaireResponse-QR-KlinUntersuchung-Fall1.json	1387	2	0	0	0	0	0	0	0	1	0	0	0	0	0	0	0	0	0	0	18	7	0	0	0	0	0	0	0
fsh-generated/resources/QuestionnaireResponse-QR-OPPlanung-Fall1.json	1419	1	0	0	0	0	0	0	1	1	0	0	0	0	0	0	0	0	0	0	20	6	0	0	0	0	0	0	0
fsh-generated/resources/QuestionnaireResponse-QR-Pathologie-Fall1.json	4771	1	0	0	0	0	0	0	0	3	0	0	0	0	0	0	0	0	0	0	47	10	0	0	0	0	0	0	1
fsh-generated/resources/QuestionnaireResponse-QR-PostOP-Fall1.json	2197	2	0	0	0	0	0	0	0	1	0	0	0	0	0	0	0	0	0	0	24	7	0	0	0	0	0	0	0
fsh-generated/resources/QuestionnaireResponse-QR-Strahlentherapie-Fall1.json	3483	1	0	0	0	0	0	0	0	2	0	0	0	0	0	0	0	0	0	0	38	9	0	0	0	0	0	0	0
fsh-generated/resources/QuestionnaireResponse-QR-Systemtherapie-Fall1.json	1809	1	0	0	0	0	0	0	1	2	0	0	0	0	0	0	0	0	0	0	21	7	0	0	0	0	0	0	0
fsh-generated/resources/QuestionnaireResponse-QR-Tumorboard-Fall1.json	1566	1	0	0	0	0	0	0	0	1	0	0	0	0	0	0	0	0	0	0	19	7	0	0	0	0	0	0	0
fsh-generated/resources/QuestionnaireResponse-QR-Verlauf-Fall1.json	2689	2	0	0	0	0	0	0	0	1	0	0	0	0	0	0	0	0	0	0	33	14	0	0	0	0	0	0	0
fsh-generated/resources/ResearchStudy-Example-ResearchStudy-ADAPT-HER2.json	436	1	0	0	0	0	0	0	0	2	0	0	0	0	0	0	0	0	0	0	3	32	0	0	0	0	0	0	0
fsh-generated/resources/ResearchStudy-Fall2-ResearchStudy-KEYNOTE522.json	428	1	0	0	0	0	0	0	0	1	0	0	0	0	0	0	0	0	0	0	3	17	0	0	0	0	0	0	0
fsh-generated/resources/ResearchSubject-Example-Studienteilnahme.json	1328	1	0	0	0	0	0	0	0	1	0	0	0	0	0	0	0	0	0	0	5	25	0	0	0	0	0	0	0
fsh-generated/resources/ResearchSubject-Fall2-Studienteilnahme.json	1338	1	0	0	0	0	0	0	0	0	0	0	0	0	0	0	0	0	0	0	4	22	0	0	0	0	0	0	0
fsh-generated/resources/RiskAssessment-Fall1-Genexpressionstest.json	1611	1	0	0	1	0	0	0	0	2	0	0	0	0	0	0	0	0	0	0	5	18	0	0	0	0	0	0	0
fsh-generated/resources/ServiceRequest-Fall1-OP-Planung.json	2110	1	0	0	0	0	0	0	0	1	0	0	0	0	0	0	0	0	0	0	6	8	0	0	0	0	0	0	0
fsh-generated/resources/Specimen-Example-Pathologie-Praeparat.json	1375	2	0	0	0	0	0	0	0	1	0	0	0	0	0	0	0	0	0	0	5	10	0	0	0	0	0	0	0
fsh-generated/resources/Specimen-Fall1-Pathologie-Praeparat.json	1385	1	0	0	0	0	0	0	0	1	0	0	0	0	0	0	0	0	0	0	5	7	0	0	0	0	0	0	0
fsh-generated/resources/Specimen-Fall10-Pathologie-Praeparat.json	1392	2	0	0	0	0	0	0	1	1	0	0	0	0	0	0	0	0	0	0	4	4	0	0	0	0	0	0	0
fsh-generated/resources/Specimen-Fall11-Pathologie-Praeparat.json	1386	1	0	0	0	0	0	0	0	1	0	0	0	0	0	0	0	0	0	0	5	5	0	0	0	0	0	0	0
fsh-generated/resources/Specimen-Fall12-Pathologie-Praeparat-Nachresektion.json	1391	1	0	0	0	0	0	0	0	1	0	0	0	0	0	0	0	0	0	0	4	4	0	0	0	0	0	0	0
fsh-generated/resources/Specimen-Fall12-Pathologie-Praeparat-Vakuumbiopsie.json	1426	1	0	0	0	0	0	0	0	1	0	0	0	0	0	0	0	0	0	0	5	4	0	0	0	0	0	0	0
fsh-generated/resources/Specimen-Fall2-Pathologie-Praeparat.json	1386	2	0	0	0	0	0	0	0	0	0	0	0	0	0	0	0	0	0	0	5	4	0	0	0	0	0	0	0
fsh-generated/resources/Specimen-Fall3-Pathologie-Praeparat-OP.json	1407	1	0	0	0	0	0	0	0	1	0	0	0	0	0	0	0	0	0	0	5	4	0	0	0	0	0	0	0
fsh-generated/resources/Specimen-Fall3-Pathologie-Praeparat-Stanze.json	1366	2	0	0	0	0	0	0	0	1	0	0	0	0	0	0	0	0	0	0	5	4	0	0	0	0	0	0	0
fsh-generated/resources/Specimen-Fall4-Pathologie-Praeparat.json	1358	1	0	0	0	0	0	0	0	1	0	0	0	0	0	0	0	0	0	0	5	4	0	0	0	0	0	0	0
fsh-generated/resources/Specimen-Fall5-Pathologie-Praeparat.json	1359	1	0	0	0	0	0	0	0	15	0	0	0	0	0	0	0	0	0	0	4	4	0	0	0	0	0	0	0
fsh-generated/resources/Specimen-Fall6-Pathologie-Praeparat.json	1371	2	0	0	0	0	0	0	0	1	0	0	0	0	0	0	0	0	0	0	5	4	0	0	0	0	0	0	0
fsh-generated/resources/Specimen-Fall7-Pathologie-Praeparat.json	1362	1	0	0	0	0	0	0	0	1	0	0	0	0	0	0	0	0	0	0	5	6	0	0	0	0	0	0	0
fsh-generated/resources/Specimen-Fall8-Pathologie-Praeparat.json	1377	2	0	0	0	0	0	0	1	1	0	0	0	0	0	0	0	0	0	0	4	8	0	0	0	0	0	0	0
fsh-generated/resources/Specimen-Fall9-Pathologie-Praeparat.json	1383	1	0	0	0	0	0	0	0	1	0	0	0	0	0	0	0	0	0	0	5	7	0	0	0	0	0	0	0
fsh-generated/resources/StructureDefinition-LogicalModelSenologie.json	31468	6	0	43	0	0	0	0	0	76	0	0	1	0	0	0	0	1	0	0	405	1344	0	0	0	0	12	0	1
fsh-generated/resources/StructureDefinition-ex-senologie-aufklaerungsdatum.json	1338	2	0	9	0	0	0	0	0	10	0	0	0	0	0	0	0	0	0	0	24	176	0	0	0	0	1	0	0
fsh-generated/resources/StructureDefinition-ex-senologie-day-in-cycle.json	1347	1	0	6	0	0	0	0	0	6	0	0	0	0	0	0	0	0	0	0	24	141	0	0	0	0	1	0	0
fsh-generated/resources/StructureDefinition-ex-senologie-einzeldosis.json	1388	2	0	6	0	0	0	0	0	6	0	0	0	0	0	0	0	0	0	0	24	135	0	0	0	0	1	0	0
fsh-generated/resources/StructureDefinition-ex-senologie-examination-location.json	1625	1	0	6	0	0	0	0	0	6	0	0	0	0	0	0	0	0	0	0	32	135	0	0	0	0	1	0	0
fsh-generated/resources/StructureDefinition-ex-senologie-first-line-therapy.json	1481	1	0	5	0	0	0	0	0	6	0	0	0	0	0	0	0	0	0	0	25	122	0	0	0	0	0	0	1
fsh-generated/resources/StructureDefinition-ex-senologie-operating-table-setup.json	1405	2	0	5	0	0	0	0	0	6	0	0	0	0	0	0	0	0	0	0	25	210	0	0	0	0	1	0	0
fsh-generated/resources/StructureDefinition-ex-senologie-operations-duration.json	1391	1	0	6	0	0	0	0	0	6	0	0	0	0	0	0	0	0	0	0	24	123	0	0	0	0	1	0	0
fsh-generated/resources/StructureDefinition-ex-senologie-pre-op-antibiotikatherapie.json	1499	2	0	5	0	0	0	0	0	7	0	0	0	0	0	0	0	0	0	0	28	97	0	0	0	0	1	0	0
fsh-generated/resources/StructureDefinition-ex-senologie-pre-op-blutabnahme.json	1397	1	0	5	0	0	0	0	0	6	0	0	0	0	0	0	0	0	0	0	24	88	0	0	0	0	1	0	0
fsh-generated/resources/StructureDefinition-ex-senologie-pre-op-markierung.json	1395	1	0	5	0	0	0	0	0	6	0	0	0	0	0	0	0	1	0	0	25	84	0	0	0	0	1	0	0
fsh-generated/resources/StructureDefinition-ex-senologie-primaerfallart.json	1757	2	0	5	0	0	0	0	0	9	0	0	0	0	0	0	0	0	0	0	28	86	0	0	0	0	2	0	0
fsh-generated/resources/StructureDefinition-ex-senologie-screeningstatus.json	1569	1	0	5	0	0	1	0	0	8	0	0	0	0	0	0	0	0	0	0	25	82	0	0	0	0	1	0	0
fsh-generated/resources/StructureDefinition-ex-senologie-session-count.json	1395	2	0	5	0	0	0	0	0	7	0	0	0	0	0	0	0	0	0	0	25	82	0	0	0	0	1	0	0
fsh-generated/resources/StructureDefinition-ex-senologie-simultane-radiochemotherapie.json	1488	1	0	5	0	0	0	0	0	7	0	0	0	0	0	0	0	0	0	0	24	79	0	0	0	0	1	0	0
fsh-generated/resources/StructureDefinition-ex-senologie-studienkontakt.json	1414	1	0	5	0	0	0	0	0	6	0	0	0	0	0	0	0	0	0	0	25	81	0	0	0	0	1	0	0
fsh-generated/resources/StructureDefinition-ex-senologie-studienname-code.json	1680	2	0	5	0	0	0	0	0	8	0	0	0	0	0	0	0	0	0	0	33	79	0	0	0	0	1	1	0
fsh-generated/resources/StructureDefinition-ex-senologie-studienscreening.json	1665	1	0	7	0	0	0	0	0	6	0	0	0	0	0	0	0	0	0	0	30	80	0	0	0	0	1	0	0
fsh-generated/resources/StructureDefinition-ex-senologie-therapy-cycle.json	1374	2	0	5	1	0	0	0	0	7	0	0	0	0	0	0	0	0	0	0	24	79	0	0	0	0	1	0	0
fsh-generated/resources/StructureDefinition-ex-senologie-therapy-line.json	1356	1	0	4	0	0	0	0	0	6	0	0	0	0	0	0	0	0	0	0	26	92	0	0	0	0	1	0	0
fsh-generated/resources/StructureDefinition-ex-senologie-tumor-conference-consent.json	1485	1	0	5	0	0	0	0	0	6	0	0	0	0	0	0	0	0	0	0	24	80	0	0	0	0	1	0	1
fsh-generated/resources/StructureDefinition-ex-senologie-zentrumsfall.json	1411	2	0	5	0	0	0	0	0	6	0	0	0	0	0	0	0	0	0	0	25	87	0	0	0	0	0	0	0
fsh-generated/resources/StructureDefinition-iqtig-mammachirurgie-181.json	33344	5	0	36	0	0	0	0	0	63	0	0	1	0	0	0	0	1	0	0	302	240	0	0	0	0	9	0	0
fsh-generated/resources/StructureDefinition-ireg-brustimplantat-meldung.json	50329	7	0	92	0	0	0	0	0	93	0	0	0	0	0	0	0	1	0	0	493	399	0	0	0	0	22	0	2
fsh-generated/resources/StructureDefinition-obds-meldung.json	92199	15	0	147	0	0	0	0	0	178	0	0	1	0	0	0	0	3	0	0	996	696	0	0	0	0	36	0	3
fsh-generated/resources/StructureDefinition-oncobox-brust-meldung.json	68021	11	0	102	0	0	0	0	0	114	0	0	0	0	0	0	0	1	0	0	679	479	0	0	1	0	23	0	1
fsh-generated/resources/StructureDefinition-senologie-begleitmedikation.json	3358	2	0	26	0	0	0	0	0	22	0	0	0	0	0	0	0	1	0	0	127	212	0	0	0	0	6	0	1
fsh-generated/resources/StructureDefinition-senologie-bildgebung-befund.json	6206	2	0	24	0	0	0	0	0	38	0	0	1	0	0	0	0	0	0	0	155	249	0	0	0	0	19	0	0
fsh-generated/resources/StructureDefinition-senologie-bildgebung-observation.json	7910	2	0	56	0	0	0	0	1	36	0	0	0	0	0	0	0	1	0	0	235	962	0	0	0	0	9	1	1
fsh-generated/resources/StructureDefinition-senologie-bildgebung-sonstige.json	5519	2	0	20	0	0	0	0	0	21	0	0	0	0	0	0	0	0	0	0	148	254	0	0	0	0	6	0	0
fsh-generated/resources/StructureDefinition-senologie-checkliste-erbliche-belastung.json	4305	2	0	28	0	0	0	0	0	33	0	0	0	0	0	0	0	1	0	0	172	829	0	0	0	0	7	0	1
fsh-generated/resources/StructureDefinition-senologie-diagnose-benigne.json	5096	2	0	34	0	0	0	0	0	59	0	0	0	0	0	0	0	1	0	0	191	4153	0	0	0	0	7	0	0
fsh-generated/resources/StructureDefinition-senologie-diagnose-maligne.json	5103	2	0	2582	0	0	0	0	0	72	0	0	0	0	0	0	0	2	0	0	460	25584	0	0	0	0	17	0	2
fsh-generated/resources/StructureDefinition-senologie-familienanamnese.json	3728	1	0	13	0	0	0	0	0	34	0	0	0	0	0	0	0	0	0	0	142	181	0	0	0	0	5	0	0
fsh-generated/resources/StructureDefinition-senologie-follow-up.json	5104	2	0	60	0	0	0	0	0	58	0	0	1	0	0	0	0	2	0	0	394	818	0	0	0	0	15	1	2
fsh-generated/resources/StructureDefinition-senologie-genexpressions-score.json	6363	2	0	32	0	0	0	0	0	36	0	0	0	0	0	0	0	1	0	0	208	1811	0	0	0	0	9	0	0
fsh-generated/resources/StructureDefinition-senologie-genexpressionstest.json	6499	1	0	18	0	0	0	0	0	23	0	0	0	0	0	0	0	0	0	0	118	223	0	0	0	0	4	0	1
fsh-generated/resources/StructureDefinition-senologie-geplante-systemtherapie.json	4768	2	0	30	0	0	0	0	0	27	0	0	0	0	0	0	0	1	0	0	185	307	0	0	0	0	8	0	0
fsh-generated/resources/StructureDefinition-senologie-gynaekologische-anamnese.json	6640	2	0	38	0	0	0	0	0	75	0	0	0	0	0	0	0	1	0	0	295	399	0	0	0	0	10	0	1
fsh-generated/resources/StructureDefinition-senologie-implantat.json	1460	1	0	23	0	0	0	0	0	19	0	0	0	0	0	0	0	1	0	0	113	235	0	0	0	0	4	0	0
fsh-generated/resources/StructureDefinition-senologie-ki67-proliferationsindex.json	3338	2	0	26	0	0	0	0	0	24	0	0	0	0	0	0	0	0	0	0	158	262	0	0	0	0	7	0	1
fsh-generated/resources/StructureDefinition-senologie-klinische-untersuchung.json	6942	2	0	58	0	0	0	0	0	41	0	0	0	0	0	0	0	1	0	0	298	378	0	0	0	0	10	0	1
fsh-generated/resources/StructureDefinition-senologie-nebenwirkung.json	1832	1	0	39	0	0	0	0	0	25	0	0	0	0	0	0	0	1	0	0	179	291	0	0	0	0	6	0	0
fsh-generated/resources/StructureDefinition-senologie-op-planung.json	6289	2	0	27	0	0	0	0	1	23	0	0	0	0	0	0	0	0	0	0	147	226	0	0	0	0	7	0	1
fsh-generated/resources/StructureDefinition-senologie-operation.json	7924	2	0	97	0	0	0	0	0	79	0	0	1	0	0	0	0	3	0	0	524	504	0	0	0	0	18	1	2
fsh-generated/resources/StructureDefinition-senologie-operative-komplikation.json	5970	2	0	31	0	0	0	0	0	69	0	0	0	0	0	0	0	0	0	0	197	198	0	0	1	0	8	0	0
fsh-generated/resources/StructureDefinition-senologie-pathologie-befund.json	3378	1	0	54	0	0	0	0	0	35	0	0	0	0	0	0	0	1	0	0	247	295	0	0	0	0	9	0	1
fsh-generated/resources/StructureDefinition-senologie-pathologie-praeparat.json	2113	2	0	59	0	0	0	0	0	67	0	0	0	0	0	0	0	3	0	0	431	544	0	0	0	0	16	1	2
fsh-generated/resources/StructureDefinition-senologie-pdl1-status.json	2821	1	0	55	0	0	0	0	0	47	0	0	0	0	0	0	0	1	0	0	332	401	0	0	0	0	12	0	2
fsh-generated/resources/StructureDefinition-senologie-psychoonkologie.json	2680	1	0	14	0	0	0	0	0	16	0	0	0	0	0	0	0	1	0	0	114	135	0	0	0	0	5	0	0
fsh-generated/resources/StructureDefinition-senologie-somatische-mutation.json	2377	1	0	124	0	0	0	0	0	117	0	0	1	0	0	0	0	4	0	0	857	1620	0	0	0	0	28	1	3
fsh-generated/resources/StructureDefinition-senologie-sozialdienst.json	1933	2	0	13	0	0	0	0	0	16	0	0	0	0	0	0	0	0	0	0	118	186	0	0	0	0	4	0	1
fsh-generated/resources/StructureDefinition-senologie-strahlentherapie.json	4286	1	0	64	0	0	0	0	0	53	0	0	0	0	0	0	0	2	0	0	405	591	0	0	0	0	16	0	2
fsh-generated/resources/StructureDefinition-senologie-studienteilnahme.json	5427	2	0	9	0	0	0	0	0	14	0	0	0	0	0	0	0	0	0	0	78	134	0	0	0	0	3	0	0
fsh-generated/resources/StructureDefinition-senologie-systemtherapie-medikation.json	4581	1	0	79	0	0	0	0	0	76	0	0	0	0	0	0	0	3	0	0	597	918	0	0	0	0	21	0	3
fsh-generated/resources/StructureDefinition-senologie-systemtherapie-procedure.json	3542	2	0	49	0	0	0	0	0	68	0	0	1	0	0	0	0	2	0	0	368	439	0	0	0	0	15	1	2
fsh-generated/resources/StructureDefinition-senologie-tumorboard-empfehlung.json	14696	3	0	85	1	0	0	0	0	127	0	0	0	0	0	0	0	3	0	0	948	704	0	0	0	0	35	0	2
fsh-generated/resources/StructureDefinition-senologie-tumorlokalisation.json	2939	1	0	14	0	0	0	1	0	32	0	0	0	0	0	0	0	1	0	0	83	158	0	0	0	0	4	0	1
fsh-generated/resources/ValueSet-vs-oncobox-primaerfallart.json	519	2	0	0	0	0	0	0	0	858	0	0	0	0	0	0	0	0	0	0	6	264	0	0	0	0	0	0	0
fsh-generated/resources/ValueSet-vs-senologie-diagnose-b3.json	1443	1	0	0	0	0	0	0	1	414	0	0	0	0	0	0	0	0	0	0	7	443	0	0	0	0	0	0	0
fsh-generated/resources/ValueSet-vs-senologie-diagnose-lokal.json	905	1	0	0	0	0	0	0	0	385	0	0	0	0	0	0	0	0	0	0	6	33	0	0	0	0	1	0	0
fsh-generated/resources/ValueSet-vs-senologie-diagnose-sct.json	884	1	0	0	0	0	0	0	0	420	0	0	0	0	0	0	0	0	0	0	5	35	0	0	0	0	0	0	0
fsh-generated/resources/ValueSet-vs-senologie-diagnose.json	3276	1	0	0	0	0	0	0	0	1134	0	0	0	0	0	0	0	0	0	0	10	1843	0	0	0	0	0	0	0
fsh-generated/resources/ValueSet-vs-senologie-diagnosesicherung.json	501	1	0	0	0	0	0	0	0	2	0	0	0	0	0	0	0	0	0	0	5	34	0	0	0	0	0	0	0
fsh-generated/resources/ValueSet-vs-senologie-genexpressionstest.json	984	1	0	0	0	0	0	0	1	1	0	0	0	0	0	0	0	0	0	0	6	35	0	0	0	0	1	0	0
fsh-generated/resources/ValueSet-vs-senologie-icd10.json	4475	1	0	0	0	0	0	0	0	1128	0	0	0	0	0	0	0	0	0	0	10	484	0	0	0	0	0	0	0
fsh-generated/resources/ValueSet-vs-senologie-metastasierung.json	882	1	0	0	0	0	0	0	0	2	0	0	0	0	0	0	0	0	0	0	6	29	1	0	0	0	1	0	0
fsh-generated/resources/ValueSet-vs-senologie-nachsorge-art.json	761	1	0	0	0	0	0	0	0	2	0	0	0	0	0	0	0	0	0	0	6	29	0	0	0	0	0	0	0
fsh-generated/resources/ValueSet-vs-senologie-operation-art.json	1112	1	0	0	0	0	0	0	1	384	0	0	0	0	0	0	0	0	0	0	6	28	0	0	0	0	0	0	0
fsh-generated/resources/ValueSet-vs-senologie-risikoklasse.json	835	1	0	0	0	0	0	0	0	2	0	0	0	0	0	0	0	0	0	0	6	29	0	0	0	0	1	0	0
fsh-generated/resources/ValueSet-vs-senologie-screeningstatus.json	1047	1	0	0	0	0	0	0	0	388	0	0	0	0	0	0	0	0	0	0	5	425	0	0	0	0	0	0	0
fsh-generated/resources/ValueSet-vs-senologie-seite.json	296	2	0	0	0	0	0	0	0	1	0	0	0	0	0	0	0	0	0	0	4	22	0	0	0	0	0	0	0
fsh-generated/resources/ValueSet-vs-senologie-studienname.json	588	1	0	0	0	0	0	0	0	1	0	0	0	0	0	0	0	0	0	0	5	23	0	0	0	0	1	0	0
fsh-generated/resources/ValueSet-vs-senologie-systemtherapie-medikation.json	2463	1	0	0	0	0	0	0	0	387	0	0	0	0	0	0	0	0	0	0	11	35	0	0	0	0	0	0	0
fsh-generated/resources/ValueSet-vs-senologie-tumormanifestation.json	534	1	0	0	0	0	0	0	0	1	0	0	0	0	0	0	0	0	0	0	5	25	0	0	0	0	0	0	0
fsh-generated/resources/ValueSet-vs-senologie-zweittumor.json	794	1	0	0	0	0	0	0	1	381	0	0	0	0	0	0	0	0	0	0	4	21	0	0	0	0	1	0	0
input/maps/SenologieToIRegEntlassung.map	3907	3	0	0	0	0	0	0	1	6	0	0	0	0	0	0	0	0	0	0	25	10	0	0	0	0	1	0	0
input/maps/SenologieToIRegMeldung.map	6843	3	0	0	0	0	0	0	1	7	0	0	0	0	0	0	0	0	0	0	41	15	0	0	0	0	2	0	0
input/maps/SenologieToIRegOperation.map	22300	9	0	0	0	0	0	0	7	16	0	0	0	0	0	0	0	1	0	0	128	36	0	0	0	0	7	0	1
input/maps/SenologieToIqtigBasis.map	6273	3	0	0	0	0	0	0	2	6	0	0	0	0	0	0	0	0	0	0	39	11	0	0	0	0	2	0	0
input/maps/SenologieToIqtigBrust.map	9594	3	0	0	0	0	0	0	2	8	0	0	0	0	0	0	0	0	0	0	69	19	0	0	0	0	3	0	0
input/maps/SenologieToIqtigMammachirurgie181.map	3178	2	0	0	0	0	0	0	1	3	0	0	0	0	0	0	0	0	0	0	19	6	0	0	0	0	1	0	0
input/maps/SenologieToIqtigOperation.map	17134	7	0	0	1	0	0	0	4	13	0	0	0	0	0	0	0	0	0	0	99	26	0	0	0	0	4	0	1
input/maps/SenologieToObdsDiagnose.map	6959	5	0	0	0	0	0	0	2	7	0	0	0	0	0	0	0	0	0	0	42	13	0	0	0	0	1	0	0
input/maps/SenologieToObdsFernmetastasen.map	3761	2	0	0	0	0	0	0	0	3	0	0	0	0	0	0	0	0	0	0	22	6	0	0	0	0	1	0	0
input/maps/SenologieToObdsHistologie.map	7322	3	0	0	0	0	0	0	1	6	0	0	0	0	0	0	0	1	0	0	41	12	0	0	0	0	2	0	0
input/maps/SenologieToObdsLeistungszustand.map	2695	1	0	0	0	0	0	0	1	3	0	0	0	0	0	0	0	0	0	0	16	7	0	0	0	0	1	0	0
input/maps/SenologieToObdsMeldung.map	7628	3	0	0	0	0	0	0	1	5	0	0	0	0	0	0	0	0	0	0	43	11	0	0	0	0	2	0	0
input/maps/SenologieToObdsModulMamma.map	7336	3	0	0	0	0	0	0	1	6	0	0	0	0	0	0	0	0	0	0	41	20	0	0	0	0	1	0	0
input/maps/SenologieToObdsNebenwirkung.map	5116	2	0	0	0	0	0	0	1	4	0	0	0	0	0	0	0	0	0	0	29	12	0	0	1	0	1	0	1
input/maps/SenologieToObdsOP.map	7926	3	0	0	0	0	0	0	2	6	0	0	0	0	0	0	0	0	0	0	48	25	0	0	0	0	2	0	0
input/maps/SenologieToObdsResidualstatus.map	5873	3	0	0	0	0	0	0	0	4	0	0	0	0	0	0	0	0	0	0	32	10	0	0	0	0	1	0	0
input/maps/SenologieToObdsST.map	7046	3	0	0	0	0	0	0	2	6	0	0	0	0	0	0	0	0	0	0	41	12	0	0	0	0	2	0	0
input/maps/SenologieToObdsSYST.map	6094	3	0	0	1	0	0	0	1	6	0	0	0	0	0	0	0	0	0	0	36	10	0	0	0	0	1	0	0
input/maps/SenologieToObdsTNM.map	7238	4	0	0	0	0	0	0	2	7	0	0	0	0	0	0	0	0	0	0	49	15	0	0	0	0	2	0	0
input/maps/SenologieToObdsTod.map	4944	3	0	0	0	0	0	0	1	4	0	0	0	0	0	0	0	1	0	0	29	8	0	0	0	0	1	0	0
input/maps/SenologieToObdsTumorkonferenz.map	6091	2	0	0	0	0	0	0	1	5	0	0	0	0	0	0	0	0	0	0	35	11	0	0	0	0	1	0	1
input/maps/SenologieToObdsTumorzuordnung.map	2552	2	0	0	0	0	0	0	1	3	0	0	0	0	0	0	0	0	0	0	19	6	0	0	0	0	1	0	0
input/maps/SenologieToObdsVerlauf.map	7252	2	0	0	0	0	0	0	1	5	0	0	0	0	0	0	0	0	0	0	41	10	0	0	0	0	1	0	0
input/maps/SenologieToOncoBoxBrust.map	3393	2	0	0	0	0	0	0	0	3	0	0	0	0	0	0	0	0	0	0	20	6	0	0	0	0	1	0	0
input/maps/SenologieToOncoBoxBrustKennzahlen.map	7623	4	0	0	0	0	0	0	4	8	0	0	0	0	0	0	0	0	0	0	64	18	0	0	0	0	2	0	0
input/maps/SenologieToOncoBoxBrustOperation.map	9672	3	0	0	0	0	0	0	2	8	0	0	0	0	0	0	0	0	0	0	60	19	0	0	0	0	2	0	0
input/maps/SenologieToOncoBoxBrustPrimaerfall.map	25896	10	0	0	0	0	0	0	7	20	0	0	0	0	0	0	0	1	0	0	164	46	0	0	0	0	7	0	1
input/maps/SenologieToOncoBoxBrustTherapie.map	8134	3	0	0	0	0	0	0	2	7	0	0	0	0	0	0	0	0	0	0	50	14	0	0	0	0	2	0	0
input/maps/SenologieToOncoBoxBrustVerlauf.map	15705	5	0	0	0	0	0	0	3	11	0	0	0	0	0	0	0	0	0	0	84	22	0	0	0	0	3	0	1
input/maps/SenologieToOncoBoxBrustZentrum.map	2861	1	0	0	0	0	0	0	1	3	0	0	0	0	0	0	0	0	0	0	19	6	0	0	0	0	1	0	0
input/resources/Questionnaire-senologie-diagnose-template.json.reference	11330	2	0	0	0	0	0	0	0	7	0	0	0	0	0	0	0	0	0	0	41	11	0	0	0	0	2	0	0
input/resources/StructureMap-extract-diagnose.json	9264	3	0	0	0	0	0	0	1	3	0	0	0	0	0	0	0	1	0	0	15	7	0	0	0	0	0	0	0
/fsh-generated/includes/fsh-link-references.md	28286	-	-	-	0	0	0	0	0	0	0	0	0	0	0	0	0	0	0	0	0	1	0	0	0	0	0	0	0
/fsh-generated/includes/menu.xml	4426	-	-	-	0	0	0	0	0	0	0	0	0	0	0	0	0	0	0	0	0	1	0	0	0	0	0	0	0
/input/data/terminology-mapping.md	2682	-	-	-	0	0	0	0	0	0	0	0	0	0	0	0	0	0	0	0	0	0	0	0	0	0	0	0	0
/input/data/20260110_dotbase_codebook.xlsx	1209255	-	-	-	0	0	0	0	0	0	0	0	0	0	0	0	0	0	0	0	0	0	0	0	0	0	0	0	0
/input/pagecontent/isik.md

Abgleich mit den Informationstechnischen Systemen im Krankenhaus (ISiK) Profilen.	106	-	-	-	0	0	0	0	0	0	0	0	0	0	0	0	0	0	0	0	0	62	0	0	0	0	0	0	0
/input/pagecontent/meldung-iqtig.md	14771	-	-	-	0	0	0	0	0	0	0	0	0	0	0	0	0	0	0	0	0	0	0	0	0	0	0	0	0
/input/pagecontent/roadmap.md

Geplante Erweiterungen: PROMs, Implantatregister-FHIR, Krebsregistrierung, IPS-Konformität.	132	-	-	-	0	0	0	0	0	0	0	0	0	0	0	0	0	0	0	0	0	35	0	0	0	0	0	0	0
/input/pagecontent/roadmap.md	25	-	-	-	0	0	0	0	0	0	0	0	0	0	0	0	0	0	0	0	0	1	0	0	0	0	0	0	0
/input/pagecontent/terminologie-uebersicht.md	7906	-	-	-	0	0	0	0	0	0	0	0	0	0	0	0	0	0	0	0	0	0	0	0	0	0	0	0	0
/input/pagecontent/anwendungsfaelle-meldedatensaetze.md	6474	-	-	-	0	0	0	0	0	0	0	0	0	0	0	0	0	0	0	0	0	0	0	0	0	0	0	0	0
/input/pagecontent/systemtherapie.md	4502	-	-	-	0	0	0	0	0	0	0	0	0	0	0	0	0	0	0	0	0	1	0	0	0	0	0	0	0
/input/pagecontent/anwendungsfaelle-auswertung.md	10324	-	-	-	0	0	0	0	0	0	0	0	0	0	0	0	0	0	0	0	0	0	0	0	0	0	0	0	0
/input/pagecontent/testpatientinnen.md	19376	-	-	-	0	0	0	0	0	0	0	0	0	0	0	0	0	0	0	0	0	1	0	0	0	0	0	0	0
/input/pagecontent/mii-kds.md	2444	-	-	-	0	0	0	0	0	0	0	0	0	0	0	0	0	0	0	0	0	0	0	0	0	0	0	0	0
/input/pagecontent/nachsorge-verlauf.md	2462	-	-	-	0	0	0	0	0	0	0	0	0	0	0	0	0	0	0	0	0	0	0	0	0	0	0	0	0
/input/pagecontent/mii-kds.md

Abgleich mit dem Kerndatensatz der Medizininformatik-Initiative.	92	-	-	-	0	0	0	0	0	0	0	0	0	0	0	0	0	0	0	0	0	36	0	0	0	0	0	0	0
/input/pagecontent/tumorkonferenz.md	2501	-	-	-	0	0	0	0	0	0	0	0	0	0	0	0	0	0	0	0	0	1	0	0	0	0	0	0	0
/input/pagecontent/testumgebungen.md	7997	-	-	-	0	0	0	0	0	0	0	0	0	0	0	0	0	0	0	0	0	0	0	0	0	0	0	0	0
/input/pagecontent/diagnose-staging.md

Diagnosestellung, TNM-Klassifikation, Rezeptorstatus und Molekularpathologie.	100	-	-	-	0	0	0	0	0	0	0	0	0	0	0	0	0	0	0	0	0	26	0	0	0	0	0	0	0
/input/pagecontent/bekannte-fehler.md	8777	-	-	-	0	0	0	0	0	0	0	0	0	0	0	0	0	0	0	0	0	1	0	0	0	0	0	0	0
/input/pagecontent/eu-standards.md	10197	-	-	-	0	0	0	0	0	0	0	0	0	0	0	0	0	0	0	0	0	0	0	0	0	0	0	0	0
/input/pagecontent/anamnese.md	121	-	-	-	0	0	0	0	0	0	0	0	0	0	0	0	0	0	0	0	0	0	0	0	0	0	0	0	0
/input/pagecontent/walkthrough-tumorformel.md	12149	-	-	-	0	0	0	0	0	0	0	0	0	0	0	0	0	0	0	0	0	1	0	0	0	0	0	0	0
/input/pagecontent/meldung-obds.md	14228	-	-	-	0	0	0	0	0	0	0	0	0	0	0	0	0	0	0	0	0	0	0	0	0	0	0	0	0
/input/pagecontent/datenmodell.md	5943	-	-	-	0	0	0	0	0	0	0	0	0	0	0	0	0	0	0	0	0	1	0	0	0	0	0	0	0
/input/pagecontent/snomed-german-translations.md	4582	-	-	-	0	0	0	0	0	0	0	0	0	0	0	0	0	0	0	0	0	0	0	0	0	0	0	0	0
/input/pagecontent/index.md	4619	-	-	-	0	0	0	0	0	0	0	0	0	0	0	0	0	0	0	0	0	0	0	0	0	0	0	0	0
/input/pagecontent/hintergrund.md

Diese Seite beschreibt den Hintergrund und die Motivation für den Kerndatensatz Senologie.	120	-	-	-	0	0	0	0	0	0	0	0	0	0	0	0	0	0	0	0	0	18	0	0	0	0	0	0	0
/input/pagecontent/operative-therapie.md	3990	-	-	-	0	0	0	0	0	0	0	0	0	0	0	0	0	0	0	0	0	0	0	0	0	0	0	0	0
/input/pagecontent/leitlinien-annotation/s3-kap-4.5-pathologie.md	33307	-	-	-	0	0	0	0	0	0	0	0	0	0	0	0	0	0	0	0	0	2	0	0	0	0	0	0	0
/input/pagecontent/leitlinien-annotation/s3-kap-4.4-operative-therapie.md	43834	-	-	-	0	0	0	0	0	0	0	0	0	0	0	0	0	0	0	0	0	1	0	0	0	0	0	0	0
/input/pagecontent/leitlinien-annotation/00-schema.md	6099	-	-	-	0	0	0	0	0	0	0	0	0	0	0	0	0	0	0	0	0	0	0	0	0	0	0	0	0
/input/pagecontent/leitlinien-annotation/s3-kap-4.8-systemische-therapie.md	73935	-	-	-	0	0	0	0	0	0	0	0	0	0	0	0	0	0	0	0	0	1	0	0	0	0	0	0	0
/input/pagecontent/leitlinien-annotation/s3-kap-6-betreuung.md	55355	-	-	-	0	0	0	0	0	0	0	0	0	0	0	0	0	0	0	0	0	0	0	0	0	0	0	0	0
/input/pagecontent/leitlinien-annotation/s3-kap-7-spezielle-situationen.md	74212	-	-	-	0	0	0	0	0	0	0	0	0	0	0	0	0	0	0	0	0	1	0	0	0	0	0	0	0
/input/pagecontent/leitlinien-annotation/s3-kap-5-rezidiv-metastasiert.md	90270	-	-	-	0	0	0	0	0	0	0	0	0	0	0	0	0	0	0	0	0	1	0	0	0	0	0	0	0
/input/pagecontent/leitlinien-annotation/snomed-bfarm-submission.csv	1690	-	-	-	0	0	0	0	0	0	0	0	0	0	0	0	0	0	0	0	0	19	0	0	0	0	0	0	0
/input/pagecontent/leitlinien-annotation/s3-kap-4.2-4.3-dcis-risikolaesionen.md	45510	-	-	-	0	0	0	0	0	0	0	0	0	0	0	0	0	0	0	0	0	0	0	0	0	0	0	0	0
/input/pagecontent/leitlinien-annotation/s3-kap-3-allgemeines.md	67399	-	-	-	0	0	0	0	0	0	0	0	0	0	0	0	0	0	0	0	0	2	0	0	0	0	0	0	0
/input/pagecontent/leitlinien-annotation/01-uebersicht.md	8399	-	-	-	0	0	0	0	0	0	0	0	0	0	0	0	0	0	0	0	0	0	0	0	0	0	0	0	0
/input/pagecontent/leitlinien-annotation/s3-kap-4.6-strahlentherapie.md	64865	-	-	-	0	0	0	0	0	0	0	0	0	0	0	0	0	0	0	0	0	1	0	0	0	0	0	0	0
/input/pagecontent/leitlinien-annotation/s3-kap-8-qualitaetsindikatoren.md	40325	-	-	-	0	0	0	0	0	0	0	0	0	0	0	0	0	0	0	0	0	1	0	0	0	0	0	0	0
/input/pagecontent/leitlinien-annotation/s3-kap-4.1-diagnostik.md	31938	-	-	-	0	0	0	0	0	0	0	0	0	0	0	0	0	0	0	0	0	1	0	0	0	0	0	0	0
/input/pagecontent/semantische-annotation.md	10695	-	-	-	0	0	0	0	0	0	0	0	0	0	0	0	0	0	0	0	0	0	0	0	0	0	0	0	0
/input/pagecontent/operative-therapie.md

Brusterhaltende Therapie, Mastektomie, Sentinel-LK-Biopsie, Rekonstruktion.	98	-	-	-	0	0	0	0	0	0	0	0	0	0	0	0	0	0	0	0	0	19	0	0	0	0	0	0	0
/input/pagecontent/diagnose-staging.md	4613	-	-	-	0	0	0	0	0	0	0	0	0	0	0	0	0	0	0	0	0	0	0	0	0	0	0	0	0
/input/pagecontent/bildgebung-pathologie.md

Bildgebende Diagnostik (Mammographie, Sonographie, MRT) und pathologische Befundung.	112	-	-	-	0	0	0	0	0	0	0	0	0	0	0	0	0	0	0	0	0	17	0	0	0	0	0	0	0
/input/pagecontent/leitlinien-abdeckung.md	5272	-	-	-	0	0	0	0	0	0	0	0	0	0	0	0	0	0	0	0	0	0	0	0	0	0	0	0	0
/input/pagecontent/nachsorge-verlauf.md

Follow-Up, Verlaufsmeldungen, Tumorstatus, Rezidiv-Monitoring.	86	-	-	-	0	0	0	0	0	0	0	0	0	0	0	0	0	0	0	0	0	17	0	0	0	0	0	0	0
/input/pagecontent/anwendungsfaelle-austausch.md	3910	-	-	-	0	0	0	0	0	0	0	0	0	0	0	0	0	0	0	0	0	1	0	0	0	0	0	0	0
/input/pagecontent/meldung-ireg.md	12200	-	-	-	0	0	0	0	0	0	0	0	0	0	0	0	0	0	0	0	0	0	0	0	0	0	0	0	0
/input/pagecontent/isik.md	1556	-	-	-	0	0	0	0	0	0	0	0	0	0	0	0	0	0	0	0	0	0	0	0	0	0	0	0	0
/input/pagecontent/meldung-oncobox.md	23800	-	-	-	0	0	0	0	0	0	0	0	0	0	0	0	0	0	0	0	0	1	0	0	0	0	0	0	0
/input/pagecontent/ips-prepopulation.md	7112	-	-	-	0	0	0	0	0	0	0	0	0	0	0	0	0	0	0	0	0	0	0	0	0	0	0	0	0
/input/pagecontent/offene-fragen.md	20756	-	-	-	0	0	0	0	0	0	0	0	0	0	0	0	0	0	0	0	0	0	0	0	0	0	0	0	0
/input/pagecontent/terminologie-medikation.md	4093	-	-	-	0	0	0	0	0	0	0	0	0	0	0	0	0	0	0	0	0	0	0	0	0	0	0	0	0
/input/pagecontent/strahlentherapie-seite.md

Adjuvante und neoadjuvante Bestrahlung, Boost, Dosierung.	78	-	-	-	0	0	0	0	0	0	0	0	0	0	0	0	0	0	0	0	0	16	0	0	0	0	0	0	0
/input/pagecontent/systemtherapie.md

Chemotherapie, Immuntherapie, zielgerichtete Therapie, endokrine Therapie.	106	-	-	-	0	0	0	0	0	0	0	0	0	0	0	0	0	0	0	0	0	15	0	0	0	0	0	0	0
/input/pagecontent/sdc-condition-selection.md	2884	-	-	-	0	0	0	0	0	0	0	0	0	0	0	0	0	0	0	0	0	1	0	0	0	0	0	0	0
/input/pagecontent/hintergrund.md	6040	-	-	-	0	0	0	0	0	0	0	0	0	0	0	0	0	0	0	0	0	0	0	0	0	0	0	0	0
/input/pagecontent/anwendungsfaelle-erfassung.md	6794	-	-	-	0	0	0	0	0	0	0	0	0	0	0	0	0	0	0	0	0	0	0	0	0	0	0	0	0
/input/pagecontent/anwendungsfaelle-uebersicht.md	2586	-	-	-	0	0	0	0	0	0	0	0	0	0	0	0	0	0	0	0	0	0	0	0	0	0	0	0	0
/input/pagecontent/beispielfall.md	2960	-	-	-	0	0	0	0	0	0	0	0	0	0	0	0	0	0	0	0	0	0	0	0	0	0	0	0	0
/input/pagecontent/beispielfall.md

Durchgängiger Beispielfall durch den gesamten klinischen Workflow:
Anamnese → Diagnostik → Tumorboard → OP → Strahlentherapie → Nachsorge

Mit Verlinkungen zu allen beteiligten FHIR-Ressourcen und Questionnaires.	255	-	-	-	0	0	0	0	0	0	0	0	0	0	0	0	0	0	0	0	0	17	0	0	0	0	0	0	0
/input/pagecontent/interoperabilitaet.md	2169	-	-	-	0	0	0	0	0	0	0	0	0	0	0	0	0	0	0	0	0	0	0	0	0	0	0	0	0
/input/pagecontent/bildgebung-pathologie.md	4327	-	-	-	0	0	0	0	0	0	0	0	0	0	0	0	0	0	0	0	0	1	0	0	0	0	0	0	0
/input/pagecontent/GeneralRemarks.md	1523	-	-	-	0	0	0	0	0	0	0	0	0	0	0	0	0	0	0	0	0	0	0	0	0	0	0	0	0
/input/pagecontent/interoperabilitaet.md

Kompatibilität mit MII KDS, ISiK und EU-Standards.	74	-	-	-	0	0	0	0	0	0	0	0	0	0	0	0	0	0	0	0	0	16	0	0	0	0	0	0	0
/input/pagecontent/profilbeschreibungen.md	9180	-	-	-	0	0	0	0	0	0	0	0	0	0	0	0	0	0	0	0	0	0	0	0	0	0	0	0	0
/input/pagecontent/strahlentherapie-seite.md	1629	-	-	-	0	0	0	0	0	0	0	0	0	0	0	0	0	0	0	0	0	0	0	0	0	0	0	0	0
/template/config	0	-	-	-	0	0	0	0	0	0	0	0	0	0	0	0	0	0	0	0	0	0	0	0	0	0	0	0	0
/template/config/_config.yml	140	-	-	-	0	0	0	0	0	0	0	0	0	0	0	0	0	0	0	0	0	0	0	0	0	0	0	0	0
/input/images	0	-	-	-	0	0	0	0	0	0	0	0	0	0	0	0	0	0	0	0	0	0	0	0	0	0	0	0	0
/input/images/senologie-nachsorge.png	22471	-	-	-	0	0	0	0	0	0	0	0	0	0	0	0	0	0	0	0	0	0	0	0	0	0	0	0	0
/input/images/senologie-systemtherapie.png	234430	-	-	-	0	0	0	0	0	0	0	0	0	0	0	0	0	0	0	0	0	0	0	0	0	0	0	0	0
/input/images/erfassung-formular-phasen.svg	9823	-	-	-	0	0	0	0	0	0	0	0	0	0	0	0	0	0	0	0	0	0	0	0	0	0	0	0	0
/input/images/senologie-anamnese.png	72158	-	-	-	0	0	0	0	0	0	0	0	0	0	0	0	0	0	0	0	0	0	0	0	0	0	0	0	0
/input/images/senologie-operation.png	71265	-	-	-	0	0	0	0	0	0	0	0	0	0	0	0	0	0	0	0	0	0	0	0	0	0	0	0	0
/input/images/senologie-diagnose.png	123130	-	-	-	0	0	0	0	0	0	0	0	0	0	0	0	0	0	0	0	0	0	0	0	0	0	0	0	0
/input/images/erfassung-workflow.svg	7379	-	-	-	0	0	0	0	0	0	0	0	0	0	0	0	0	0	0	0	0	0	0	0	0	0	0	0	0
/input/images/senologie-ressourcenmodell.png	234430	-	-	-	0	0	0	0	0	0	0	0	0	0	0	0	0	0	0	0	0	1	0	0	0	0	0	0	0
/input/images/senologie-meldewege-uebersicht.png	4457530	-	-	-	0	0	0	0	0	0	0	0	0	0	0	0	0	0	0	0	0	1	0	0	0	0	0	0	0
/input/images/dgs-logo.png	18205	-	-	-	0	0	0	0	0	0	0	0	0	0	0	0	0	0	0	0	0	1	0	0	0	0	0	0	0
/input/images/senologie-bildgebung.png	73591	-	-	-	0	0	0	0	0	0	0	0	0	0	0	0	0	0	0	0	0	0	0	0	0	0	0	0	0
/temp/pages/_includes/artifacts.xml	181798	-	-	-	-	-	-	-	-	-	-	-	-	-	-	-	-	-	-	-	-	2	0	0	0	0	0	0	0
